,average,average,average,average,average,average,average,average,average,average,average,average,max,max,max,max,max,max,max,max,max,max,max,max,min,min,min,min,min,min,min,min,min,min,min,min
node_id,01 Speed S P1,02 Speed S P2,03 Feed Rate P1,04 Feed Rate P2,05 Spindle Motor Load nakamura2 P1 S0,06 Spindle Motor Load nakamura2 P2 S0,24 Servo load current(a) Nakamura2 P1 A1,28 Servo load current(a) Nakamura2 P2 A1,31 Cutting time nakamura2 P1,32 Cutting Time nakamura2 P2,33 Temp #APC Nakamura2 P1 A0,34 Temp #APC Nakamura2 P2 A0,01 Speed S P1,02 Speed S P2,03 Feed Rate P1,04 Feed Rate P2,05 Spindle Motor Load nakamura2 P1 S0,06 Spindle Motor Load nakamura2 P2 S0,24 Servo load current(a) Nakamura2 P1 A1,28 Servo load current(a) Nakamura2 P2 A1,31 Cutting time nakamura2 P1,32 Cutting Time nakamura2 P2,33 Temp #APC Nakamura2 P1 A0,34 Temp #APC Nakamura2 P2 A0,01 Speed S P1,02 Speed S P2,03 Feed Rate P1,04 Feed Rate P2,05 Spindle Motor Load nakamura2 P1 S0,06 Spindle Motor Load nakamura2 P2 S0,24 Servo load current(a) Nakamura2 P1 A1,28 Servo load current(a) Nakamura2 P2 A1,31 Cutting time nakamura2 P1,32 Cutting Time nakamura2 P2,33 Temp #APC Nakamura2 P1 A0,34 Temp #APC Nakamura2 P2 A0
measurement_bucket,,,,,,,,,,,,,,,,,,,,,,,,,,,,,,,,,,,,
2023-03-28 11:45:00+00:00,3067.072033898305,2790.266666666667,3799.673333333333,3622.4853801169593,39.954802259887,66.72222222222223,-0.18110236220472442,0.174496644295302,9.547443365695798,8.326018348623851,42.57142857142857,38.5,5002.0,5004.0,148368.0,55640.0,164.0,176.0,49.0,38.0,39.056,30.032,43.0,39.0,0.0,0.0,0.0,0.0,0.0,0.0,-33.0,-43.0,0.0,0.0,42.0,38.0
2023-03-28 13:15:00+00:00,3062.3650190114067,2896.557926829268,3350.074074074074,5142.722929936306,47.34177215189873,66.79012345679013,-0.7439446366782007,0.19855595667870035,8.869783132530122,8.933333333333337,40.6,37.0,5001.0,5013.0,119571.0,288555.0,164.0,176.0,28.0,45.0,39.024,30.032,41.0,37.0,0.0,0.0,0.0,0.0,0.0,0.0,-51.0,-43.0,0.0,0.0,40.0,37.0
2023-03-28 14:00:00+00:00,3204.6006711409395,2764.4262295081967,4552.511904761905,4622.5,36.22274881516588,63.433526011560694,-0.27575757575757576,1.5284090909090908,9.40236228287841,7.696650406504062,42.5,38.4,5002.0,5013.0,192857.0,40000.0,164.0,176.0,41.0,46.0,39.056,30.016,43.0,39.0,0.0,0.0,0.0,0.0,0.0,0.0,-49.0,-11.0,0.0,0.0,42.0,38.0
2023-03-28 14:15:00+00:00,2958.882575757576,2908.7770897832816,3060.4010695187167,3694.8451612903227,46.08163265306123,68.06148867313915,-0.5641025641025641,-0.3003533568904594,8.610876404494377,8.963353535353532,42.57142857142857,38.5,5001.0,5007.0,100286.0,169714.0,164.0,176.0,26.0,48.0,39.056,30.032,43.0,39.0,0.0,0.0,0.0,0.0,0.0,0.0,-51.0,-45.0,0.0,0.0,42.0,38.0
2023-03-28 20:15:00+00:00,2953.890410958904,1565.6333333333334,6390.022727272727,3711.222222222222,44.925925925925924,64.66666666666667,1.0,-0.39436619718309857,11.090042553191497,1.9374222222222224,42.55555555555556,38.5,5002.0,4003.0,146571.0,40000.0,163.0,176.0,44.0,3.0,39.024,5.52,43.0,39.0,0.0,0.0,0.0,0.0,0.0,0.0,-30.0,-3.0,0.0,0.0,42.0,38.0
2023-03-28 20:30:00+00:00,3079.022099447514,3052.880530973451,2578.1162790697676,4283.680555555556,43.41059602649007,69.60185185185185,-0.30092592592592593,0.5116279069767442,8.886310756972117,9.554948805460748,42.42857142857143,38.666666666666664,5001.0,5012.0,40000.0,77143.0,164.0,176.0,48.0,44.0,39.056,30.032,43.0,39.0,0.0,0.0,0.0,0.0,0.0,0.0,-46.0,-42.0,0.0,0.0,42.0,38.0
2023-03-28 20:45:00+00:00,3093.1070234113713,2848.4137931034484,2318.8137254901962,6251.065891472868,37.90530303030303,65.00840336134453,-0.392226148409894,0.47435897435897434,8.670412213740455,8.268519480519483,42.666666666666664,38.5,5001.0,5004.0,40000.0,216000.0,164.0,176.0,47.0,44.0,39.024,30.032,43.0,39.0,0.0,0.0,0.0,0.0,0.0,0.0,-49.0,-43.0,0.0,0.0,42.0,38.0
2023-03-29 00:30:00+00:00,3158.8571428571427,3028.957055214724,2607.782608695652,3739.8456375838928,40.56962025316456,65.39024390243902,-0.8341232227488151,0.23728813559322035,9.074567901234573,8.715473170731704,43.0,38.0,5001.0,5010.0,138857.0,57214.0,164.0,176.0,4.0,36.0,39.024,30.032,43.0,38.0,0.0,0.0,0.0,0.0,0.0,0.0,-50.0,-39.0,0.0,0.0,43.0,38.0
2023-03-29 07:15:00+00:00,2858.9037037037037,2808.808383233533,7796.652631578947,6057.0636942675155,29.37391304347826,74.80379746835443,-0.6923076923076923,0.40860215053763443,8.685029940119762,8.463023474178401,38.5,35.0,5001.0,5013.0,169714.0,270977.0,164.0,176.0,39.0,45.0,39.056,30.112,39.0,36.0,0.0,0.0,0.0,0.0,0.0,0.0,-50.0,-35.0,0.0,0.0,38.0,34.0
2023-03-29 11:15:00+00:00,3005.5569105691056,2980.841584158416,2433.9112426035504,5307.791808873721,48.444954128440365,69.20132013201321,-0.7922535211267606,0.21666666666666667,8.740037854889593,8.956623115577884,40.5,36.4,5001.0,5013.0,40000.0,381550.0,164.0,176.0,42.0,48.0,38.976,30.048,41.0,37.0,0.0,0.0,0.0,0.0,0.0,0.0,-43.0,-41.0,0.0,0.0,40.0,36.0
2023-03-29 12:30:00+00:00,3169.103092783505,2915.223602484472,5223.403225806452,3663.813953488372,39.91139240506329,68.63636363636364,-0.8173076923076923,0.22,9.582007782101158,8.46129577464788,40.5,37.0,5002.0,5004.0,123429.0,40000.0,164.0,176.0,39.0,41.0,38.976,30.032,41.0,37.0,0.0,0.0,0.0,0.0,0.0,0.0,-48.0,-42.0,0.0,0.0,40.0,37.0
2023-03-29 17:00:00+00:00,3206.6621253405992,2922.831632653061,3767.7533632286995,3436.0344827586205,36.15384615384615,64.95,-0.3693181818181818,0.7202072538860104,9.808391038696536,8.047275471698113,42.5,38.5,5003.0,5003.0,185143.0,138857.0,164.0,176.0,31.0,48.0,38.976,30.032,43.0,39.0,0.0,0.0,0.0,0.0,0.0,0.0,-51.0,-38.0,0.0,0.0,42.0,38.0
2023-03-29 17:15:00+00:00,2911.234513274336,2931.7380952380954,4260.582191780822,5045.12213740458,45.943502824858754,68.2442748091603,-0.4791666666666667,-0.0963302752293578,9.0152,9.155039106145253,42.5,38.5,5002.0,5013.0,96429.0,360440.0,164.0,176.0,39.0,36.0,38.976,30.032,43.0,39.0,0.0,0.0,0.0,0.0,0.0,0.0,-29.0,-43.0,0.0,0.0,42.0,38.0
2023-03-29 17:30:00+00:00,3124.351170568562,2900.0779220779223,4387.48730964467,4121.62331838565,40.397590361445786,63.10313901345292,-0.5966666666666667,-0.3605150214592275,9.212984293193728,7.640483985765128,42.42857142857143,38.5,5002.0,5004.0,216000.0,40000.0,164.0,176.0,28.0,28.0,38.976,30.032,43.0,39.0,0.0,0.0,0.0,0.0,0.0,0.0,-39.0,-46.0,0.0,0.0,42.0,38.0
2023-03-29 17:45:00+00:00,3217.3661971830984,2920.9147286821703,5162.4157303370785,5123.398340248963,40.73271889400922,68.6943231441048,0.17064846416382254,-0.012711864406779662,9.984295514511883,8.540616314199394,42.5,38.5,5002.0,5010.0,338454.0,133007.0,164.0,176.0,53.0,38.0,38.976,30.032,43.0,39.0,0.0,0.0,0.0,0.0,0.0,0.0,-34.0,-48.0,0.0,0.0,42.0,38.0
2023-03-29 18:00:00+00:00,3150.404984423676,2861.3818897637793,2952.4897959183672,4581.74531835206,39.536121673003805,66.71369294605809,-0.30275229357798167,0.2236842105263158,9.810580645161282,8.279621451104102,42.6,38.42857142857143,5001.0,5005.0,40000.0,180107.0,164.0,176.0,46.0,43.0,38.976,30.064,43.0,39.0,0.0,0.0,0.0,0.0,0.0,0.0,-35.0,-45.0,0.0,0.0,42.0,38.0
2023-03-29 18:15:00+00:00,3060.2813688212927,2988.0845070422533,3200.060606060606,4152.116104868914,40.11981566820276,67.63498098859316,-0.5533333333333333,0.31620553359683795,8.930582132564837,9.002564383561635,42.42857142857143,38.5,5002.0,5009.0,88714.0,88071.0,164.0,176.0,49.0,32.0,38.976,30.064,43.0,39.0,0.0,0.0,0.0,0.0,0.0,0.0,-45.0,-42.0,0.0,0.0,42.0,38.0
2023-03-29 18:45:00+00:00,3080.4454148471614,2704.65,2691.782894736842,3713.1979695431473,44.30635838150289,63.2710843373494,-0.3292181069958848,0.6235955056179775,9.307200000000009,7.687444897959179,42.5,38.57142857142857,5002.0,5004.0,27000.0,40000.0,164.0,176.0,31.0,49.0,38.976,30.032,43.0,39.0,0.0,0.0,0.0,0.0,0.0,0.0,-51.0,-48.0,0.0,0.0,42.0,38.0
2023-03-29 19:00:00+00:00,3012.4523809523807,2974.275316455696,3582.736263736264,4303.4565916398715,50.37899543378995,67.53605015673982,-0.6973180076628352,0.01509433962264151,9.093252279635264,8.99778894472362,42.5,38.4,5002.0,5007.0,40000.0,216000.0,164.0,176.0,34.0,48.0,38.976,30.048,43.0,39.0,0.0,0.0,0.0,0.0,0.0,0.0,-46.0,-47.0,0.0,0.0,42.0,38.0
2023-03-29 19:15:00+00:00,3264.5369774919614,2859.2295918367345,4196.139896373057,4008.881081081081,34.57786885245902,70.22012578616352,0.006060606060606061,0.40828402366863903,10.018709976798142,7.990917030567682,42.5,38.5,5002.0,5003.0,192857.0,40000.0,164.0,176.0,19.0,48.0,39.008,30.032,43.0,39.0,0.0,0.0,0.0,0.0,0.0,0.0,-12.0,-46.0,0.0,0.0,42.0,38.0
2023-03-29 19:30:00+00:00,3049.6,2751.257627118644,4016.0342465753424,3240.5285714285715,41.71590909090909,68.46020761245674,-1.3295880149812733,0.27547169811320754,8.831251798561158,8.812589473684211,42.6,38.6,5001.0,5005.0,216000.0,40000.0,164.0,176.0,14.0,44.0,38.976,30.032,43.0,39.0,0.0,0.0,0.0,0.0,0.0,0.0,-51.0,-49.0,0.0,0.0,42.0,38.0
2023-03-29 19:45:00+00:00,3073.9226519337017,2544.096153846154,2491.0673076923076,2519.509433962264,36.37410071942446,49.55882352941177,-0.08791208791208792,0.5686274509803921,9.873890295358642,5.141866666666667,42.4,38.5,5001.0,4504.0,20000.0,25000.0,164.0,176.0,4.0,16.0,38.976,19.648,43.0,39.0,0.0,0.0,0.0,0.0,0.0,2.0,-51.0,-2.0,0.0,0.0,42.0,38.0
2023-03-29 20:00:00+00:00,1096.5333333333333,2671.6771653543306,5747.090909090909,3164.1065573770493,65.22222222222223,67.18018018018019,0.5227272727272727,0.2391304347826087,2.317333333333333,10.447416058394154,42.5,38.5,3907.0,5004.0,40000.0,40000.0,163.0,176.0,35.0,38.0,8.608,30.016,43.0,39.0,0.0,0.0,0.0,0.0,0.0,0.0,-16.0,-42.0,0.0,0.0,42.0,38.0
2023-03-30 04:15:00+00:00,3239.409937888199,2790.0106951871658,5836.167567567568,4025.64606741573,37.53731343283582,69.69871794871794,-0.005571030640668524,-0.7643312101910829,9.993411764705883,7.803305785123961,41.666666666666664,36.5,5002.0,5004.0,192857.0,40000.0,164.0,176.0,45.0,36.0,38.976,30.064,42.0,37.0,0.0,0.0,0.0,0.0,0.0,0.0,-49.0,-47.0,0.0,0.0,41.0,36.0
2023-03-30 08:15:00+00:00,3250.994236311239,2839.755364806867,4366.219178082192,4426.730434782608,39.44565217391305,65.88207547169812,-0.35945945945945945,0.2867383512544803,9.792241379310342,7.696168421052631,41.333333333333336,36.5,5002.0,5005.0,169714.0,151584.0,164.0,176.0,48.0,47.0,39.008,30.048,42.0,37.0,0.0,0.0,0.0,0.0,0.0,0.0,-50.0,-47.0,0.0,0.0,41.0,36.0
2023-03-30 09:15:00+00:00,2792.3274021352313,2731.5930599369085,5785.279569892473,3662.443661971831,45.99130434782609,67.54452054794521,-0.6979166666666666,0.917910447761194,9.403605970149249,9.502964959568729,42.5,37.0,5001.0,5004.0,355242.0,92571.0,164.0,176.0,32.0,47.0,38.976,30.032,43.0,37.0,0.0,0.0,0.0,0.0,0.0,0.0,-39.0,-47.0,0.0,0.0,42.0,37.0
2023-03-30 10:00:00+00:00,3175.6,2931.385214007782,5194.388571428572,4944.596774193548,37.38288288288288,67.49145299145299,-0.34890965732087226,0.6153846153846154,10.098640000000007,8.580578313253008,42.0,38.0,5002.0,5014.0,154286.0,191960.0,164.0,176.0,48.0,45.0,38.976,30.032,42.0,38.0,0.0,0.0,0.0,0.0,0.0,0.0,-35.0,-42.0,0.0,0.0,42.0,38.0
2023-03-30 12:15:00+00:00,2973.0,2976.452599388379,2234.207650273224,4777.435736677116,47.69711538461539,65.26984126984127,-0.7117437722419929,0.5451127819548872,8.694134969325155,8.74741747572815,44.333333333333336,40.4,5001.0,5011.0,46286.0,108000.0,164.0,176.0,49.0,41.0,38.976,30.032,45.0,41.0,0.0,0.0,0.0,0.0,0.0,0.0,-48.0,-48.0,0.0,0.0,44.0,40.0
2023-03-30 13:00:00+00:00,3223.1666666666665,2722.201834862385,3912.5251396648046,3327.6973684210525,36.25974025974026,69.87264150943396,-0.28353658536585363,0.3803921568627451,9.851894484412467,7.830572390572389,45.5,41.0,5002.0,5005.0,192857.0,40000.0,164.0,176.0,26.0,48.0,39.008,30.032,46.0,41.0,0.0,0.0,0.0,0.0,0.0,0.0,-51.0,-40.0,0.0,0.0,45.0,41.0
2023-03-30 13:45:00+00:00,3065.235,2925.7720207253888,4644.314516129032,3316.897435897436,40.87134502923977,65.97395833333333,-0.631768953068592,-0.09883720930232558,9.615365079365077,9.367757575757572,45.5,42.0,5001.0,5003.0,181286.0,40000.0,164.0,176.0,7.0,19.0,38.976,30.032,46.0,42.0,0.0,0.0,0.0,0.0,0.0,0.0,-44.0,-45.0,0.0,0.0,45.0,42.0
2023-03-30 15:45:00+00:00,3224.275757575758,2898.22131147541,3126.751196172249,4433.7510548523205,39.301115241635685,62.222707423580786,-0.8005952380952381,0.4870848708487085,9.829214285714277,8.110748299319724,45.5,41.0,5002.0,5007.0,177429.0,123723.0,164.0,176.0,23.0,42.0,39.008,30.0,46.0,41.0,0.0,0.0,0.0,0.0,0.0,0.0,-51.0,-48.0,0.0,0.0,45.0,41.0
2023-03-31 10:15:00+00:00,3149.4129032258065,2842.069090909091,3204.9757281553398,4064.54296875,44.42040816326531,65.30798479087453,-0.5922330097087378,0.40444444444444444,8.992597014925375,8.803353293413167,45.5,40.5,5002.0,5005.0,81000.0,186846.0,164.0,176.0,34.0,47.0,38.992,30.032,46.0,41.0,0.0,0.0,0.0,0.0,0.0,0.0,-45.0,-48.0,0.0,0.0,45.0,40.0
2023-03-31 10:30:00+00:00,3055.0,2826.0544747081713,4353.15294117647,4258.6411290322585,39.705357142857146,67.80088495575221,-0.43521594684385384,0.3804878048780488,10.188773480662984,8.580550898203594,45.333333333333336,40.42857142857143,5002.0,5004.0,77143.0,41509.0,164.0,176.0,7.0,43.0,39.008,30.032,46.0,41.0,0.0,0.0,0.0,0.0,0.0,0.0,-36.0,-44.0,0.0,0.0,45.0,40.0
2023-03-31 10:45:00+00:00,3134.9842105263156,2824.802371541502,3315.298387096774,2779.880165289256,39.496855345911946,65.29218106995884,-0.7455357142857143,0.27555555555555555,9.308424242424246,8.351473684210527,45.57142857142857,40.5,5001.0,5004.0,57857.0,40000.0,164.0,176.0,47.0,49.0,39.008,30.032,46.0,41.0,0.0,0.0,0.0,0.0,0.0,0.0,-41.0,-42.0,0.0,0.0,45.0,40.0
2023-03-31 11:00:00+00:00,3198.164705882353,2202.634703196347,5671.967741935484,5629.970930232558,42.09765625,67.68789808917198,-0.08179419525065963,0.8866995073891626,9.917432967032978,8.295199999999998,45.5,40.5,5002.0,5004.0,150429.0,185143.0,164.0,176.0,39.0,43.0,39.008,30.0,46.0,41.0,0.0,0.0,0.0,0.0,0.0,0.0,-46.0,-46.0,0.0,0.0,45.0,40.0
2023-03-31 12:15:00+00:00,3111.1176470588234,2715.8100558659216,2655.378048780488,4917.864406779661,37.24083769633508,65.29936305732484,-0.05,-0.1724137931034483,10.308943820224721,7.7596081632653044,45.5,41.0,5002.0,5004.0,40000.0,180107.0,164.0,176.0,48.0,41.0,38.992,30.032,46.0,41.0,0.0,0.0,0.0,0.0,0.0,0.0,-48.0,-48.0,0.0,0.0,45.0,41.0
2023-03-31 12:30:00+00:00,3067.885714285714,2892.0848708487083,6306.482517482517,4011.866666666667,44.724137931034484,68.16412213740458,0.046413502109704644,0.3829787234042553,8.969774545454545,9.48686725663717,45.5,41.5,5001.0,5013.0,384654.0,164679.0,164.0,176.0,38.0,42.0,38.992,30.032,46.0,42.0,0.0,0.0,0.0,0.0,0.0,0.0,-17.0,-41.0,0.0,0.0,45.0,41.0
2023-03-31 14:30:00+00:00,2909.9135802469136,2922.0548387096774,3303.370786516854,3426.0128617363343,47.265700483091784,67.9297124600639,-1.5018181818181817,1.127147766323024,8.76672204472844,8.841103448275861,47.5,42.333333333333336,5001.0,5013.0,162000.0,40000.0,164.0,176.0,23.0,48.0,38.992,30.032,48.0,43.0,0.0,0.0,0.0,0.0,0.0,0.0,-44.0,-35.0,0.0,0.0,47.0,42.0
2023-03-31 16:15:00+00:00,3125.060606060606,2825.0,2626.9895833333335,3190.5757575757575,41.10548523206751,68.21875,-0.7395498392282959,0.13821138211382114,8.90879197994988,8.890940170940171,47.5,43.0,5001.0,5006.0,46286.0,40000.0,164.0,176.0,31.0,45.0,39.008,30.032,48.0,43.0,0.0,0.0,0.0,0.0,0.0,0.0,-48.0,-47.0,0.0,0.0,47.0,43.0
2023-03-31 19:45:00+00:00,1278.642857142857,1417.764705882353,9611.5,10359.888888888889,28.76923076923077,5.833333333333333,0.5333333333333333,0.5161290322580645,7.32,2.331586206896551,49.0,44.0,3979.0,4001.0,20000.0,149250.0,108.0,25.0,3.0,9.0,8.592,5.552,49.0,44.0,0.0,0.0,0.0,0.0,0.0,0.0,-3.0,-1.0,5.904,0.0,49.0,44.0
2023-03-31 20:00:00+00:00,0.0,0.0,0.0,0.0,0.0,0.0,0.0,0.5,0.0,0.0,48.0,43.0,0.0,0.0,0.0,0.0,0.0,0.0,0.0,1.0,0.0,0.0,48.0,43.0,0.0,0.0,0.0,0.0,0.0,0.0,0.0,0.0,0.0,0.0,48.0,43.0
2023-04-02 20:00:00+00:00,2765.306666666667,2940.9325153374234,1940.4415584415585,2551.9815950920247,0.0,76.97560975609755,-2.3092783505154637,0.0,8.060044943820225,9.505679558011048,31.0,26.666666666666668,4495.0,5005.0,20000.0,20000.0,24.0,176.0,25.0,24.0,25.808,29.904,32.0,28.0,0.0,0.0,0.0,0.0,-22.0,0.0,-12.0,-22.0,0.0,0.0,30.0,26.0
2023-04-02 20:15:00+00:00,3184.173076923077,2808.868131868132,4620.670050761421,4538.858638743455,0.3132530120481928,75.73125,-0.14583333333333334,0.3132530120481928,9.848775413711584,7.893150214592278,34.8,28.0,5001.0,5014.0,131143.0,179728.0,22.0,176.0,24.0,22.0,39.008,30.112,36.0,28.0,0.0,0.0,0.0,0.0,-34.0,0.0,-51.0,-34.0,0.0,0.0,34.0,28.0
2023-04-02 20:45:00+00:00,3181.1649214659687,2853.3316062176164,3872.3360655737706,3969.577319587629,0.013793103448275862,70.37888198757764,-0.3562874251497006,0.013793103448275862,9.751042596348872,7.690995884773659,36.42857142857143,32.0,5002.0,5003.0,192857.0,40000.0,40.0,176.0,40.0,40.0,39.008,30.032,37.0,32.0,0.0,0.0,0.0,0.0,-48.0,0.0,-48.0,-48.0,0.0,0.0,36.0,32.0
2023-04-02 21:15:00+00:00,3296.5475409836067,2822.494318181818,6247.9190751445085,5702.630434782609,0.022727272727272728,65.8036809815951,-0.18122977346278318,0.022727272727272728,9.789456221198156,8.000745762711864,38.5,34.0,5002.0,5012.0,216000.0,141045.0,28.0,176.0,42.0,28.0,38.992,30.032,39.0,34.0,0.0,0.0,0.0,0.0,-42.0,0.0,-50.0,-42.0,0.0,0.0,38.0,34.0
2023-04-02 22:45:00+00:00,3216.4566666666665,3044.6431535269708,6170.852071005917,4866.568965517241,0.6702127659574468,70.92201834862385,-0.49140893470790376,0.6702127659574468,10.22981818181818,8.491569230769226,40.42857142857143,36.42857142857143,5002.0,5004.0,284396.0,149786.0,35.0,176.0,7.0,35.0,39.008,30.032,41.0,37.0,0.0,0.0,0.0,0.0,-47.0,0.0,-33.0,-47.0,0.0,0.0,40.0,36.0
2023-04-02 23:15:00+00:00,3165.670498084291,2799.6849315068494,4317.587878787879,3880.3357664233577,0.4158878504672897,67.3433962264151,-0.6762589928057554,0.4158878504672897,9.041097142857144,8.76229787234042,40.5,37.0,5002.0,5014.0,216000.0,77143.0,48.0,176.0,46.0,48.0,39.008,30.032,41.0,37.0,0.0,0.0,0.0,0.0,-46.0,0.0,-49.0,-46.0,0.0,0.0,40.0,37.0
2023-04-02 23:30:00+00:00,3218.276712328767,2770.427272727273,3338.880733944954,4506.924444444445,0.00558659217877095,68.64179104477611,-0.09090909090909091,0.00558659217877095,9.823344262295077,7.899200000000004,40.5,36.0,5002.0,5008.0,108000.0,92571.0,34.0,176.0,38.0,34.0,39.008,30.032,41.0,36.0,0.0,0.0,0.0,0.0,-47.0,0.0,-34.0,-47.0,0.0,0.0,40.0,36.0
2023-04-03 01:15:00+00:00,2970.0963302752293,2818.9607843137255,4441.411764705882,4001.6221374045804,0.7368421052631579,65.25384615384615,-0.7142857142857143,0.7368421052631579,9.10049169435216,8.79907033639144,41.6,36.5,5002.0,5011.0,92571.0,99652.0,44.0,176.0,53.0,44.0,38.992,30.032,42.0,37.0,0.0,0.0,0.0,0.0,-33.0,0.0,-47.0,-33.0,0.0,0.0,41.0,36.0
2023-04-03 02:15:00+00:00,3074.189003436426,2887.71875,4462.4631578947365,3605.822463768116,-0.1409090909090909,69.9446366782007,-0.5182481751824818,-0.1409090909090909,8.745032258064516,9.442631299734746,41.5,36.5,5002.0,5004.0,212143.0,40000.0,49.0,176.0,10.0,49.0,39.008,30.0,42.0,37.0,0.0,0.0,0.0,0.0,-44.0,0.0,-47.0,-44.0,0.0,0.0,41.0,36.0
2023-04-03 05:15:00+00:00,3145.031339031339,2970.4450261780103,4904.016736401673,4523.5,0.5426829268292683,65.3586956521739,-0.17079889807162535,0.5426829268292683,9.819698574338094,7.850790697674423,41.5,36.42857142857143,5002.0,5010.0,200571.0,87536.0,43.0,176.0,29.0,43.0,38.992,30.032,42.0,37.0,0.0,0.0,0.0,0.0,-45.0,0.0,-50.0,-45.0,0.0,0.0,41.0,36.0
2023-04-03 05:30:00+00:00,2978.1793721973095,3004.391304347826,3851.0066225165565,3595.8063492063493,0.48314606741573035,69.09539473684211,-1.04149377593361,0.48314606741573035,8.77466666666667,8.652190476190485,41.333333333333336,36.6,5002.0,5004.0,100286.0,40000.0,45.0,176.0,32.0,45.0,38.992,30.032,42.0,37.0,0.0,0.0,0.0,0.0,-46.0,0.0,-50.0,-46.0,0.0,0.0,41.0,36.0
2023-04-03 05:45:00+00:00,3169.1140939597317,2718.8058823529414,3093.3626943005183,3764.6167664670656,0.66,68.32692307692308,-0.38321167883211676,0.66,9.868158415841588,8.343671232876709,41.666666666666664,36.5,5001.0,5013.0,77143.0,40000.0,36.0,176.0,30.0,36.0,38.992,30.032,42.0,37.0,0.0,0.0,0.0,0.0,-48.0,0.0,-49.0,-48.0,0.0,0.0,41.0,36.0
2023-04-03 07:15:00+00:00,3004.596958174905,2892.0836236933796,2973.9466666666667,4632.705660377358,0.5625,69.92395437262357,0.06115107913669065,0.5625,8.702352941176464,9.104941176470597,41.5,36.4,5002.0,5012.0,54000.0,123429.0,45.0,176.0,45.0,45.0,38.992,30.032,42.0,37.0,0.0,0.0,0.0,0.0,-47.0,0.0,-47.0,-47.0,0.0,0.0,41.0,36.0
2023-04-03 19:00:00+00:00,3079.5304054054054,1057.2363636363636,5330.054644808743,7313.796610169492,-1.95,5.0,0.029315960912052116,-1.95,10.090732186732184,2.2312112676056337,42.5,38.0,5001.0,4000.0,185143.0,40000.0,37.0,23.0,6.0,37.0,39.008,5.568,43.0,38.0,0.0,0.0,0.0,0.0,-48.0,0.0,-50.0,-48.0,0.0,0.0,42.0,38.0
2023-04-03 19:15:00+00:00,3057.52734375,3008.4789644012944,3862.5833333333335,4195.35761589404,0.2826855123674912,68.90734824281151,-0.7805755395683454,0.2826855123674912,9.321682997118158,9.09295431472081,42.5,37.0,5002.0,5008.0,131143.0,88071.0,32.0,176.0,49.0,32.0,38.992,30.032,43.0,37.0,0.0,0.0,0.0,0.0,-40.0,0.0,-51.0,-40.0,0.0,0.0,42.0,37.0
2023-04-03 22:00:00+00:00,2944.8032786885246,2868.1498470948013,5007.188311688312,4045.5525525525527,0.7215686274509804,69.8172757475083,-1.424124513618677,0.7215686274509804,9.071577557755774,8.580937799043063,42.5,37.5,5001.0,5004.0,185143.0,61714.0,44.0,176.0,39.0,44.0,39.008,30.032,43.0,38.0,0.0,0.0,0.0,0.0,-43.0,0.0,-50.0,-43.0,0.0,0.0,42.0,37.0
2023-04-03 22:15:00+00:00,3152.106100795756,2704.117948717949,4707.642201834862,4507.437185929648,0.10328638497652583,69.08720930232558,-0.10422535211267606,0.10328638497652583,9.737516129032253,7.4969032258064505,42.4,37.5,5002.0,5003.0,216000.0,40000.0,41.0,176.0,34.0,41.0,38.992,30.032,43.0,38.0,0.0,0.0,0.0,0.0,-40.0,0.0,-47.0,-40.0,0.0,0.0,42.0,37.0
2023-04-03 23:00:00+00:00,2855.31884057971,2873.33024691358,2505.5170454545455,3589.9675324675327,0.8732876712328768,68.17088607594937,-0.13846153846153847,0.8732876712328768,8.847418181818181,8.76360784313726,42.4,38.0,5002.0,5004.0,40000.0,40000.0,49.0,176.0,32.0,49.0,38.992,30.032,43.0,38.0,0.0,0.0,0.0,0.0,-47.0,0.0,-16.0,-47.0,0.0,0.0,42.0,38.0
2023-04-03 23:15:00+00:00,3168.6134969325153,2521.8680203045687,4251.005076142132,4326.063829787234,0.3601694915254237,64.8855421686747,0.13649851632047477,0.3601694915254237,10.071034168564925,7.701788617886181,42.6,37.5,5002.0,5006.0,138857.0,40000.0,49.0,176.0,38.0,49.0,38.992,30.032,43.0,38.0,0.0,0.0,0.0,0.0,-47.0,0.0,-47.0,-47.0,0.0,0.0,42.0,37.0
2023-04-04 10:15:00+00:00,3115.731147540984,2726.038043478261,4957.631016042781,5106.316582914573,0.6685714285714286,64.32934131736526,-0.39384615384615385,0.6685714285714286,9.815046228710466,7.666979757085017,42.42857142857143,37.0,5002.0,5007.0,192857.0,102964.0,49.0,176.0,45.0,49.0,39.008,30.032,43.0,37.0,0.0,0.0,0.0,0.0,-38.0,0.0,-50.0,-38.0,0.0,0.0,42.0,37.0
2023-04-04 11:00:00+00:00,3028.187074829932,2794.876595744681,3863.140703517588,5138.400826446281,-0.12040133779264214,63.31111111111111,-0.09174311926605505,-0.12040133779264214,9.073385826771661,8.075105263157894,42.55555555555556,38.0,5001.0,5005.0,165857.0,130951.0,13.0,176.0,49.0,13.0,38.992,30.032,43.0,38.0,0.0,0.0,0.0,0.0,-47.0,0.0,-48.0,-47.0,0.0,0.0,42.0,38.0
2023-04-04 22:15:00+00:00,3161.925925925926,2899.0470588235294,6283.272727272727,3339.5209125475285,0.14285714285714285,66.83070866141732,-0.6685714285714286,0.14285714285714285,10.059972027972037,8.240738461538463,43.57142857142857,38.5,5002.0,5005.0,212845.0,62241.0,43.0,176.0,30.0,43.0,39.008,30.032,44.0,39.0,0.0,0.0,0.0,0.0,-48.0,0.0,-39.0,-48.0,0.0,0.0,43.0,38.0
2023-04-05 04:15:00+00:00,3026.336283185841,2785.2678571428573,4925.095808383234,4311.887719298245,0.6190476190476191,67.49615384615385,-0.1368421052631579,0.6190476190476191,8.990688524590166,8.757544973544979,42.4,37.666666666666664,5001.0,5013.0,88714.0,85214.0,43.0,176.0,52.0,43.0,38.992,30.048,43.0,38.0,0.0,0.0,0.0,0.0,-46.0,0.0,-37.0,-46.0,0.0,0.0,42.0,37.0
2023-04-05 09:00:00+00:00,2751.516129032258,2892.130177514793,3511.1132075471696,3737.885093167702,-0.17712177121771217,68.69745222929936,-0.7242647058823529,-0.17712177121771217,8.61186394557822,8.534878859857486,42.54545454545455,37.0,5001.0,5006.0,108000.0,40000.0,32.0,176.0,50.0,32.0,38.992,30.048,43.0,37.0,0.0,0.0,0.0,0.0,-48.0,0.0,-51.0,-48.0,0.0,0.0,42.0,37.0
2023-04-05 11:00:00+00:00,3011.8689956331878,2699.2252747252746,2884.7753623188405,5755.021276595745,0.6818181818181818,62.023809523809526,0.0,0.6818181818181818,9.194974729241881,7.748628099173555,42.5,38.5,5002.0,5006.0,40000.0,154286.0,48.0,176.0,28.0,48.0,38.992,30.0,43.0,39.0,0.0,0.0,0.0,0.0,-43.0,0.0,-35.0,-43.0,0.0,0.0,42.0,38.0
2023-04-05 11:30:00+00:00,3167.5427728613568,2762.9484536082473,4607.965174129353,5682.255208333333,-0.6574585635359116,64.34355828220859,-0.6268221574344023,-0.6574585635359116,9.65205581395349,7.617161290322577,42.0,38.5,5002.0,5008.0,216000.0,282903.0,23.0,176.0,37.0,23.0,38.992,30.016,42.0,39.0,0.0,0.0,0.0,0.0,-39.0,0.0,-36.0,-39.0,0.0,0.0,42.0,38.0
2023-04-05 11:45:00+00:00,3081.570707070707,2782.8709677419356,3886.0546875,6119.6720430107525,0.05263157894736842,65.58857142857143,0.07211538461538461,0.05263157894736842,9.548249999999996,8.077403508771928,40.5,38.4,5002.0,5007.0,100286.0,216000.0,20.0,176.0,50.0,20.0,39.024,30.0,41.0,39.0,0.0,0.0,0.0,0.0,-48.0,0.0,-28.0,-48.0,0.0,0.0,40.0,38.0
2023-04-05 12:00:00+00:00,3275.6102564102566,2899.930817610063,2170.736434108527,3811.7166666666667,1.6089385474860336,68.02,-0.71875,1.6089385474860336,9.514729411764709,8.493682242990653,40.6,39.0,5002.0,5008.0,26393.0,61714.0,48.0,176.0,51.0,48.0,38.992,30.032,41.0,39.0,0.0,0.0,0.0,0.0,-5.0,0.0,-47.0,-5.0,0.0,0.0,40.0,39.0
2023-04-05 13:00:00+00:00,3094.24,2796.0038759689924,3023.7579617834394,4591.027131782946,0.32751091703056767,66.25311203319502,-1.2063492063492063,0.32751091703056767,9.126626262626264,8.319380645161285,41.0,38.5,5001.0,5004.0,40000.0,138857.0,42.0,176.0,32.0,42.0,39.024,30.032,41.0,39.0,0.0,0.0,0.0,0.0,-48.0,0.0,-47.0,-48.0,0.0,0.0,41.0,38.0
2023-04-05 14:00:00+00:00,3249.8053691275168,2445.0943396226417,3698.281767955801,4365.84693877551,0.18660287081339713,69.80124223602485,0.003289473684210526,0.18660287081339713,10.022328358208954,7.557333333333335,42.5,38.0,5002.0,5004.0,40000.0,101849.0,38.0,176.0,41.0,38.0,39.024,30.016,43.0,38.0,0.0,0.0,0.0,0.0,-48.0,0.0,-39.0,-48.0,0.0,0.0,42.0,38.0
2023-04-05 14:15:00+00:00,2859.7154471544713,2853.1574344023325,5774.5,3561.2884615384614,-0.03642384105960265,67.9873417721519,-0.921146953405018,-0.03642384105960265,8.36980821917809,8.852645161290326,42.5,38.5,5001.0,5004.0,212143.0,40000.0,35.0,176.0,35.0,35.0,38.992,30.032,43.0,39.0,0.0,0.0,0.0,0.0,-48.0,0.0,-50.0,-48.0,0.0,0.0,42.0,38.0
2023-04-05 15:30:00+00:00,3046.300518134715,1719.95,4348.733333333334,4865.639344262295,-0.43137254901960786,9.75,0.07352941176470588,-0.43137254901960786,9.936065306122462,1.9563076923076925,41.666666666666664,39.0,5001.0,4000.0,84857.0,40000.0,40.0,23.0,35.0,40.0,39.008,5.504,42.0,39.0,0.0,0.0,0.0,0.0,-8.0,0.0,-21.0,-8.0,0.0,0.0,41.0,39.0
2023-04-05 16:15:00+00:00,3228.410714285714,1648.6153846153845,6372.173076923077,6278.21875,-0.5384615384615384,7.4,0.3622448979591837,-0.5384615384615384,11.227014492753613,2.124972972972973,42.0,38.5,5001.0,4002.0,84857.0,40000.0,7.0,23.0,29.0,7.0,38.992,5.536,42.0,39.0,0.0,0.0,0.0,0.0,-11.0,0.0,-36.0,-11.0,0.0,0.0,42.0,38.0
2023-04-05 16:45:00+00:00,3261.9141104294476,2818.0758293838862,3878.621212121212,4805.9902912621355,-0.5429864253393665,70.38341968911917,-0.07951070336391437,-0.5429864253393665,9.621859154929577,7.175912727272723,41.333333333333336,38.0,5002.0,5005.0,165857.0,123429.0,28.0,176.0,26.0,28.0,38.992,30.032,42.0,38.0,0.0,0.0,0.0,0.0,-49.0,0.0,-39.0,-49.0,0.0,0.0,41.0,38.0
2023-04-05 17:30:00+00:00,3227.5164319248825,2768.3505154639174,4502.627329192546,2023.560975609756,0.26956521739130435,61.97687861271676,-0.6327433628318584,0.26956521739130435,9.569784615384625,9.0052,42.5,38.666666666666664,5001.0,5013.0,269206.0,10000.0,7.0,176.0,13.0,7.0,38.992,29.68,43.0,39.0,0.0,0.0,0.0,0.0,-10.0,0.0,-12.0,-10.0,0.0,0.0,42.0,38.0
2023-04-05 17:45:00+00:00,3094.294117647059,2656.9848484848485,2503.9760479041915,2981.410138248848,0.4029126213592233,66.7764705882353,-0.5471698113207547,0.4029126213592233,9.573455938697315,8.136,42.5,38.5,5001.0,5011.0,54000.0,54000.0,13.0,176.0,7.0,13.0,38.976,29.696,43.0,39.0,0.0,0.0,0.0,0.0,-10.0,0.0,-12.0,-10.0,0.0,0.0,42.0,38.0
2023-04-05 18:00:00+00:00,3022.922448979592,2952.065868263473,2789.646739130435,3272.496794871795,0.8494623655913979,67.46666666666667,-1.575091575091575,0.8494623655913979,8.696580441640375,8.75262287104622,42.5,38.333333333333336,5002.0,5015.0,40000.0,40000.0,44.0,176.0,31.0,44.0,38.992,30.032,43.0,39.0,0.0,0.0,0.0,0.0,-50.0,0.0,-51.0,-50.0,0.0,0.0,42.0,38.0
2023-04-05 18:15:00+00:00,3321.8323353293413,2649.372340425532,5128.615,3618.8829787234044,0.4785276073619632,64.90243902439025,-0.21148036253776434,0.4785276073619632,10.013451327433629,7.6212048192771045,42.5,38.5,5002.0,5004.0,216000.0,40000.0,48.0,176.0,12.0,48.0,38.992,30.032,43.0,39.0,0.0,0.0,0.0,0.0,-43.0,0.0,-51.0,-43.0,0.0,0.0,42.0,38.0
2023-04-05 23:45:00+00:00,3146.6666666666665,2699.7510917030568,2964.7554347826085,4246.047619047619,0.8666666666666667,68.6029411764706,-0.5681818181818182,0.8666666666666667,9.711846153846164,7.228519298245616,42.5,38.6,5002.0,5004.0,46286.0,138857.0,42.0,176.0,41.0,42.0,38.992,30.032,43.0,39.0,0.0,0.0,0.0,0.0,-45.0,0.0,-50.0,-45.0,0.0,0.0,42.0,38.0
2023-04-06 00:00:00+00:00,3095.9222972972975,2985.3137931034485,2861.995,3380.128205128205,0.05821917808219178,63.589473684210525,-0.02531645569620253,0.05821917808219178,8.849357326478128,9.403900826446275,42.5,38.5,5001.0,5006.0,40000.0,40000.0,43.0,176.0,52.0,43.0,38.992,30.032,43.0,39.0,0.0,0.0,0.0,0.0,-49.0,0.0,-36.0,-49.0,0.0,0.0,42.0,38.0
2023-04-06 00:15:00+00:00,3153.153256704981,2645.03,3195.75,5666.9111111111115,0.0855614973262032,63.72514619883041,0.42662116040955633,0.0855614973262032,10.221702349869457,7.29490076335878,42.5,38.42857142857143,5001.0,5013.0,40000.0,116101.0,30.0,176.0,51.0,30.0,38.992,30.032,43.0,39.0,0.0,0.0,0.0,0.0,-39.0,0.0,-34.0,-39.0,0.0,0.0,42.0,38.0
2023-04-06 00:30:00+00:00,2963.1415094339623,2936.722602739726,3446.788732394366,4246.80204778157,0.6438356164383562,67.03492063492064,-0.17624521072796934,0.6438356164383562,8.843274021352316,9.197229974160216,42.5,38.57142857142857,5002.0,5007.0,77143.0,216000.0,48.0,176.0,46.0,48.0,38.992,30.032,43.0,39.0,0.0,0.0,0.0,0.0,-45.0,0.0,-41.0,-45.0,0.0,0.0,42.0,38.0
2023-04-06 01:15:00+00:00,3187.8456790123455,2599.877828054299,4094.7368421052633,6035.348039215686,-0.27459016393442626,68.61691542288557,-0.21637426900584794,-0.27459016393442626,9.648147126436774,7.231884057971018,42.5,38.5,5002.0,5013.0,108000.0,180107.0,40.0,176.0,35.0,40.0,39.008,30.032,43.0,39.0,0.0,0.0,0.0,0.0,-44.0,0.0,-50.0,-44.0,0.0,0.0,42.0,38.0
2023-04-06 06:30:00+00:00,3137.3619631901843,2796.3347639484978,3339.258883248731,4056.3930131004367,0.38247011952191234,68.03827751196172,-0.3342776203966006,0.38247011952191234,10.117079365079361,7.678171428571425,40.666666666666664,36.5,5001.0,5004.0,108000.0,40000.0,37.0,176.0,20.0,37.0,39.008,30.048,41.0,37.0,0.0,0.0,0.0,0.0,-43.0,0.0,-29.0,-43.0,0.0,0.0,40.0,36.0
2023-04-06 06:45:00+00:00,3054.6653225806454,2736.6153846153848,5529.395061728395,4074.554166666667,0.5854700854700855,68.57786885245902,0.038461538461538464,0.5854700854700855,9.003599999999993,8.552640949554895,40.333333333333336,36.57142857142857,5002.0,5012.0,185143.0,74116.0,47.0,176.0,50.0,47.0,39.008,30.048,41.0,37.0,0.0,0.0,0.0,0.0,-47.0,0.0,-45.0,-47.0,0.0,0.0,40.0,36.0
2023-04-06 07:00:00+00:00,3137.731543624161,2838.1769547325102,3813.686567164179,3236.885593220339,-0.6090534979423868,65.8477366255144,-0.7134502923976608,-0.6090534979423868,9.592556354916066,8.176000000000004,40.6,36.4,5001.0,5004.0,138857.0,40000.0,34.0,176.0,32.0,34.0,39.008,30.048,41.0,37.0,0.0,0.0,0.0,0.0,-43.0,0.0,-34.0,-43.0,0.0,0.0,40.0,36.0
2023-04-06 09:00:00+00:00,3197.404411764706,2732.24043715847,4466.770700636943,5568.4031413612565,0.4207920792079208,63.80239520958084,-0.45170454545454547,0.4207920792079208,10.555693931398418,7.714546938775507,42.5,37.0,5001.0,5007.0,123429.0,185143.0,44.0,176.0,40.0,44.0,38.992,30.032,43.0,37.0,0.0,0.0,0.0,0.0,-48.0,0.0,-47.0,-48.0,0.0,0.0,42.0,37.0
2023-04-06 14:00:00+00:00,2834.839826839827,3009.462783171521,2999.9539473684213,4297.801302931596,0.9196141479099679,68.62379421221866,-0.7025862068965517,0.9196141479099679,8.632027874564468,8.906000000000002,40.5,38.5,5001.0,5006.0,40000.0,92571.0,47.0,176.0,35.0,47.0,38.992,30.032,41.0,39.0,0.0,0.0,0.0,0.0,-40.0,0.0,-25.0,-40.0,0.0,0.0,40.0,38.0
2023-04-06 14:15:00+00:00,3297.830459770115,2857.4486486486485,2662.6376811594205,3291.2831325301204,0.171875,64.5878787878788,-0.16954022988505746,0.171875,10.121907949790787,7.8790962343096185,40.5,38.333333333333336,5002.0,5012.0,92571.0,40000.0,33.0,176.0,8.0,33.0,38.992,30.032,41.0,39.0,0.0,0.0,0.0,0.0,-47.0,0.0,-48.0,-47.0,0.0,0.0,40.0,38.0
2023-04-06 14:30:00+00:00,2947.705882352941,3017.6043956043954,2751.4758620689654,4532.064885496183,0.4929078014184397,67.21167883211679,-0.9626865671641791,0.4929078014184397,9.134248175182483,9.360781609195406,40.5,38.666666666666664,5002.0,5008.0,40000.0,247817.0,44.0,176.0,12.0,44.0,38.96,30.032,41.0,39.0,0.0,0.0,0.0,0.0,-48.0,0.0,-17.0,-48.0,0.0,0.0,40.0,38.0
2023-04-06 14:45:00+00:00,3183.8353293413174,2866.0185185185187,3085.2757009345796,4383.838565022422,0.7467811158798283,66.25238095238095,-0.375,0.7467811158798283,9.698797441364606,7.751040000000005,40.5,38.5,5002.0,5004.0,96429.0,40000.0,40.0,176.0,31.0,40.0,38.992,30.032,41.0,39.0,0.0,0.0,0.0,0.0,-44.0,0.0,-51.0,-44.0,0.0,0.0,40.0,38.0
2023-04-06 15:00:00+00:00,2893.8828451882846,2781.644776119403,3990.5061728395062,4249.015151515152,0.6302816901408451,68.56037151702786,-1.3909465020576133,0.6302816901408451,8.844693333333334,8.52697387173397,40.5,38.44444444444444,5002.0,5004.0,57857.0,154286.0,36.0,176.0,23.0,36.0,38.992,30.032,41.0,39.0,0.0,0.0,0.0,0.0,-27.0,0.0,-51.0,-27.0,0.0,0.0,40.0,38.0
2023-04-06 15:15:00+00:00,3182.431693989071,2707.5333333333333,5611.390557939914,5191.220512820513,0.36486486486486486,67.5606936416185,0.25210084033613445,0.36486486486486486,9.726422997946608,7.590950819672125,40.666666666666664,38.5,5002.0,5005.0,212143.0,164679.0,39.0,176.0,31.0,39.0,38.992,30.016,41.0,39.0,0.0,0.0,0.0,0.0,-43.0,0.0,-46.0,-43.0,0.0,0.0,40.0,38.0
2023-04-06 15:30:00+00:00,2987.213333333333,2830.488888888889,2699.465277777778,3918.99674267101,0.3691275167785235,67.60061919504643,-0.6182572614107884,0.3691275167785235,8.914302158273388,8.720739659367398,40.333333333333336,38.6,5001.0,5013.0,23143.0,77143.0,35.0,176.0,38.0,35.0,38.992,30.032,41.0,39.0,0.0,0.0,0.0,0.0,-45.0,0.0,-49.0,-45.0,0.0,0.0,40.0,38.0
2023-04-06 15:45:00+00:00,3340.8275862068967,2737.0223463687153,2711.4977777777776,5696.115789473684,0.9653465346534653,63.589285714285715,0.19437340153452684,0.9653465346534653,9.770339468302655,7.866987124463516,40.5,38.0,5002.0,5012.0,88714.0,235238.0,45.0,176.0,42.0,45.0,38.992,30.032,41.0,38.0,0.0,0.0,0.0,0.0,-24.0,0.0,-51.0,-24.0,0.0,0.0,40.0,38.0
2023-04-06 16:15:00+00:00,3122.326829268293,2914.9240506329115,2490.8870967741937,4504.841463414634,0.5454545454545454,66.67307692307692,-0.03492063492063492,0.5454545454545454,9.394150197628457,8.460754716981134,40.5,38.5,5001.0,5008.0,46286.0,101789.0,19.0,176.0,12.0,19.0,38.976,30.032,41.0,39.0,0.0,0.0,0.0,0.0,-14.0,0.0,-21.0,-14.0,0.0,0.0,40.0,38.0
2023-04-06 16:30:00+00:00,3121.294776119403,2850.606425702811,5062.684848484849,3500.331914893617,0.18468468468468469,70.95132743362832,-0.8633540372670807,0.18468468468468469,9.512351906158363,8.511999999999999,40.5,38.6,5001.0,5005.0,192857.0,40000.0,33.0,176.0,28.0,33.0,39.008,30.032,41.0,39.0,0.0,0.0,0.0,0.0,-41.0,0.0,-51.0,-41.0,0.0,0.0,40.0,38.0
2023-04-06 17:00:00+00:00,3191.159420289855,2704.035714285714,4344.591954022989,5405.713080168776,0.9775784753363229,66.64912280701755,-0.434375,0.9775784753363229,10.049322666666678,8.112408945686898,41.0,38.5,5002.0,5013.0,181286.0,216000.0,43.0,176.0,39.0,43.0,39.008,30.0,41.0,39.0,0.0,0.0,0.0,0.0,-40.0,0.0,-49.0,-40.0,0.0,0.0,41.0,38.0
2023-04-06 17:45:00+00:00,2664.2136752136753,2927.006993006993,4436.9510489510485,5269.248226950354,0.04330708661417323,69.27083333333333,-0.8045112781954887,0.04330708661417323,8.962243542435424,8.953086956521748,42.5,38.57142857142857,5002.0,5008.0,216000.0,195536.0,33.0,176.0,50.0,33.0,38.976,30.032,43.0,39.0,0.0,0.0,0.0,0.0,-42.0,0.0,-49.0,-42.0,0.0,0.0,42.0,38.0
2023-04-06 18:00:00+00:00,3177.8333333333335,2723.636815920398,4292.607142857143,4024.0679611650485,0.288135593220339,65.34517766497461,-0.5399449035812672,0.288135593220339,10.007545263157898,7.974892307692305,42.5,38.333333333333336,5002.0,5003.0,192857.0,40000.0,47.0,176.0,30.0,47.0,39.008,30.048,43.0,39.0,0.0,0.0,0.0,0.0,-41.0,0.0,-50.0,-41.0,0.0,0.0,42.0,38.0
2023-04-06 19:30:00+00:00,2860.28,2691.5689655172414,2083.378787878788,3058.9491525423728,0.7777777777777778,54.29824561403509,-0.8085106382978723,0.7777777777777778,7.947851851851855,5.264438356164384,42.666666666666664,39.0,4499.0,4606.0,20000.0,40000.0,48.0,175.0,39.0,48.0,25.84,19.632,43.0,39.0,0.0,0.0,0.0,0.0,-20.0,0.0,-50.0,-20.0,0.0,0.0,42.0,39.0
2023-04-12 09:45:00+00:00,3120.4435483870966,2954.6712802768166,4033.1572327044023,4597.850187265917,49.17894736842105,64.45245901639345,-0.569672131147541,0.05263157894736842,8.933333333333339,9.45318918918919,45.5,41.0,5001.0,5009.0,146571.0,306887.0,164.0,176.0,47.0,40.0,38.992,30.032,46.0,41.0,0.0,0.0,0.0,0.0,0.0,0.0,-34.0,-49.0,0.0,0.0,45.0,41.0
2023-04-12 11:15:00+00:00,3218.365994236311,2914.9142857142856,4095.9798994974876,4830.264367816092,37.406716417910445,64.87421383647799,-0.1021671826625387,0.7513227513227513,10.038565874730025,7.859708154506437,46.4,42.5,5002.0,5013.0,216000.0,216000.0,164.0,176.0,34.0,52.0,38.96,30.016,47.0,43.0,0.0,0.0,0.0,0.0,0.0,0.0,-48.0,-47.0,0.0,0.0,46.0,42.0
2023-04-12 12:30:00+00:00,3020.253164556962,2831.515503875969,3382.554054054054,4031.125523012552,39.004784688995215,69.23423423423424,-0.15867158671586715,-0.5823754789272031,9.004012307692316,8.627987692307691,47.5,43.0,5002.0,5004.0,40000.0,154286.0,164.0,176.0,39.0,45.0,38.96,30.032,48.0,43.0,0.0,0.0,0.0,0.0,0.0,0.0,-48.0,-43.0,0.0,0.0,47.0,43.0
2023-04-12 22:15:00+00:00,3336.955223880597,2965.2067039106146,5768.175355450237,4529.389221556886,42.3421052631579,63.311764705882354,-0.4884393063583815,0.5490196078431373,10.256838427947587,8.500497695852536,47.6,44.0,5002.0,5008.0,372214.0,118929.0,164.0,176.0,35.0,43.0,39.008,30.032,48.0,44.0,0.0,0.0,0.0,0.0,0.0,0.0,-46.0,-50.0,0.0,0.0,47.0,44.0
2023-04-13 03:00:00+00:00,2895.9764150943397,2827.557077625571,4335.887218045113,3879.1,38.70680628272251,67.85204081632654,-0.36929460580912865,0.5414012738853503,9.200176470588232,7.454055555555551,45.0,42.0,5002.0,5004.0,146571.0,40000.0,164.0,176.0,48.0,41.0,38.992,30.048,45.0,42.0,0.0,0.0,0.0,0.0,0.0,0.0,-50.0,-38.0,0.0,0.0,45.0,42.0
2023-04-13 09:30:00+00:00,3061.9491017964074,2902.9821428571427,4134.792270531401,3670.4596273291927,45.23574144486692,68.80891719745223,-0.34674922600619196,-0.07857142857142857,9.083989769820974,8.6004131455399,42.4,38.5,5002.0,5009.0,332176.0,40000.0,164.0,176.0,23.0,40.0,38.992,30.064,43.0,39.0,0.0,0.0,0.0,0.0,0.0,0.0,-41.0,-46.0,0.0,0.0,42.0,38.0
2023-04-13 10:00:00+00:00,3014.8357487922704,2972.5880398671097,2465.020979020979,3847.709219858156,45.02777777777778,69.90878378378379,-0.7725490196078432,0.40148698884758366,9.04314285714287,8.989708222811679,42.55555555555556,38.5,5001.0,5006.0,37143.0,112281.0,164.0,176.0,17.0,44.0,38.96,30.048,43.0,39.0,0.0,0.0,0.0,0.0,0.0,0.0,-14.0,-39.0,0.0,0.0,42.0,38.0
2023-04-13 10:15:00+00:00,3177.361216730038,2784.8651685393256,4810.585365853659,3973.3333333333335,40.24757281553398,70.06832298136646,-0.27666666666666667,0.2945205479452055,10.147811634349027,8.291199999999996,42.4,38.0,5001.0,5005.0,203620.0,40000.0,164.0,176.0,37.0,38.0,38.992,30.032,43.0,38.0,0.0,0.0,0.0,0.0,0.0,0.0,-51.0,-40.0,0.0,0.0,42.0,38.0
2023-04-13 14:00:00+00:00,3162.081447963801,2944.818181818182,3860.9679487179487,5248.830065359477,43.11224489795919,61.550898203592816,-0.26180257510729615,0.6424242424242425,8.422938511326855,8.397656565656565,42.75,40.0,4498.0,5004.0,200571.0,281646.0,164.0,176.0,47.0,42.0,25.872,30.064,43.0,40.0,0.0,0.0,0.0,0.0,0.0,0.0,-48.0,-46.0,0.0,0.0,42.0,40.0
2023-04-13 14:45:00+00:00,3033.342857142857,2847.127659574468,4856.266233766234,4032.5766871165642,41.99526066350711,66.32919254658385,-0.8346153846153846,0.03937007874015748,9.093063973063977,8.487678486997638,42.0,40.5,5002.0,5006.0,169714.0,161526.0,164.0,176.0,43.0,44.0,38.992,30.032,42.0,41.0,0.0,0.0,0.0,0.0,0.0,0.0,-48.0,-47.0,0.0,0.0,42.0,40.0
2023-04-13 15:00:00+00:00,3188.7035040431265,2697.5916230366493,4274.742489270387,4192.740740740741,40.8494623655914,65.36969696969697,0.05013927576601671,1.119718309859155,9.906764227642261,7.6074239999999955,42.5,40.4,5002.0,5004.0,200571.0,40000.0,164.0,176.0,11.0,49.0,39.008,30.032,43.0,41.0,0.0,0.0,0.0,0.0,0.0,0.0,-47.0,-38.0,0.0,0.0,42.0,40.0
2023-04-13 15:30:00+00:00,3245.625748502994,2872.195833333333,4084.373134328358,5267.6846473029045,38.67088607594937,69.91176470588235,-0.12023460410557185,0.875,9.600186046511622,7.778000000000003,42.5,40.6,5002.0,5003.0,131143.0,195536.0,164.0,176.0,37.0,48.0,39.008,30.048,43.0,41.0,0.0,0.0,0.0,0.0,0.0,0.0,-50.0,-43.0,0.0,0.0,42.0,40.0
2023-04-13 16:00:00+00:00,3174.6993865030677,2853.2897727272725,5964.262626262626,4224.9157894736845,33.996138996138995,64.68484848484849,0.15774647887323945,-0.38011695906432746,10.132807174887896,7.624946938775505,42.5,40.5,5002.0,5004.0,216000.0,40000.0,164.0,176.0,27.0,43.0,38.992,30.048,43.0,41.0,0.0,0.0,0.0,0.0,0.0,0.0,-12.0,-45.0,0.0,0.0,42.0,40.0
2023-04-14 03:15:00+00:00,3016.90990990991,3052.331210191083,3305.5604395604396,3884.335664335664,48.87850467289719,69.0506329113924,-0.592,0.44,7.582582278481014,9.44953191489361,42.5,39.0,4499.0,5008.0,46286.0,169714.0,164.0,176.0,49.0,49.0,25.872,30.032,43.0,39.0,0.0,0.0,0.0,0.0,0.0,0.0,-50.0,-40.0,0.0,0.0,42.0,39.0
2023-04-14 04:15:00+00:00,3162.6134969325153,2854.6605504587155,5820.443925233645,3631.109589041096,41.73003802281369,67.1906976744186,-0.4314868804664723,0.8177083333333334,9.931314533622578,7.78848920863309,42.4,38.5,5002.0,5004.0,216000.0,40000.0,164.0,176.0,41.0,50.0,38.992,30.032,43.0,39.0,0.0,0.0,0.0,0.0,0.0,0.0,-50.0,-24.0,0.0,0.0,42.0,38.0
2023-04-14 04:45:00+00:00,3193.4718309859154,2815.033472803347,3916.461139896373,4768.63671875,39.070038910505836,62.888888888888886,-0.5886524822695035,0.06190476190476191,9.026086956521743,8.319394321766561,42.5,38.5,5002.0,5011.0,96429.0,216000.0,164.0,176.0,32.0,19.0,38.992,30.032,43.0,39.0,0.0,0.0,0.0,0.0,0.0,0.0,-33.0,-33.0,0.0,0.0,42.0,38.0
2023-04-14 08:45:00+00:00,3093.4008097165993,2969.0920245398775,4981.834224598931,4411.3236245954695,44.96638655462185,66.025,-0.14642857142857144,0.8837209302325582,8.962097560975618,8.932628428927678,43.333333333333336,38.5,5002.0,5009.0,309206.0,166840.0,164.0,176.0,37.0,45.0,38.976,30.032,44.0,39.0,0.0,0.0,0.0,0.0,0.0,0.0,-12.0,-48.0,0.0,0.0,43.0,38.0
2023-04-14 09:00:00+00:00,3074.8888888888887,2979.090909090909,4048.3571428571427,4185.272727272727,39.780701754385966,72.05050505050505,0.5934065934065934,-0.39751552795031053,9.767574879227046,7.710378378378378,43.55555555555556,38.4,5001.0,5009.0,138857.0,40000.0,164.0,176.0,47.0,26.0,38.976,28.32,44.0,39.0,0.0,0.0,0.0,0.0,0.0,0.0,-52.0,-44.0,0.0,0.0,43.0,38.0
2023-04-14 09:45:00+00:00,2936.4266055045873,2787.4466666666667,3119.0479452054797,4135.536912751678,42.984375,70.6,-0.42105263157894735,1.1594827586206897,8.840964539007096,8.630805063291143,43.333333333333336,38.5,5002.0,5006.0,40000.0,169714.0,164.0,176.0,48.0,44.0,38.976,30.032,44.0,39.0,0.0,0.0,0.0,0.0,0.0,0.0,-35.0,-28.0,0.0,0.0,43.0,38.0
2023-04-14 15:30:00+00:00,3130.5439189189187,2919.4302325581393,5085.4047619047615,3402.812749003984,38.445454545454545,71.15833333333333,-0.24295774647887325,0.010256410256410256,10.12540101522843,8.703582608695656,45.5,41.0,5002.0,5011.0,138857.0,40000.0,164.0,176.0,29.0,38.0,39.008,30.032,46.0,41.0,0.0,0.0,0.0,0.0,0.0,0.0,-12.0,-46.0,0.0,0.0,45.0,41.0
2023-04-14 19:30:00+00:00,3109.5354838709677,2887.779922779923,4349.2932692307695,5882.532846715329,42.93798449612403,63.91860465116279,-1.0416666666666667,0.3640776699029126,9.98160187353631,8.652417177914108,45.5,41.5,5001.0,5006.0,119571.0,216000.0,164.0,176.0,47.0,35.0,39.008,30.0,46.0,42.0,0.0,0.0,0.0,0.0,0.0,0.0,-51.0,-48.0,0.0,0.0,45.0,41.0
2023-04-14 20:00:00+00:00,0.0,0.0,0.0,0.0,0.0,0.0,0.0,0.0,0.0,0.0,45.5,41.5,0.0,0.0,0.0,0.0,0.0,0.0,0.0,0.0,0.0,0.0,46.0,42.0,0.0,0.0,0.0,0.0,0.0,0.0,0.0,0.0,0.0,0.0,45.0,41.0
2023-04-16 20:30:00+00:00,2920.557077625571,2851.177777777778,6681.2266666666665,3629.3050847457625,46.4975845410628,72.62573099415205,-0.618421052631579,0.12751677852348994,8.833888888888891,8.414909090909086,34.857142857142854,28.0,5001.0,5006.0,138857.0,40000.0,164.0,176.0,50.0,45.0,38.976,30.112,36.0,28.0,0.0,0.0,0.0,0.0,0.0,0.0,-43.0,-44.0,0.0,0.0,34.0,28.0
2023-04-16 20:45:00+00:00,3304.3567415730336,2850.934426229508,3851.7033492822966,6196.430232558139,39.06545454545454,72.2,-0.04081632653061224,0.6066666666666667,10.125509594882733,7.9703056768559,36.5,30.0,5002.0,5006.0,154286.0,200571.0,164.0,176.0,33.0,34.0,38.976,30.096,37.0,30.0,0.0,0.0,0.0,0.0,0.0,0.0,-49.0,-48.0,0.0,0.0,36.0,30.0
2023-04-16 21:00:00+00:00,2939.5378151260506,2881.2831325301204,4716.888888888889,4170.153354632588,47.28813559322034,69.64652567975831,-1.0229885057471264,0.9877049180327869,8.501369863013696,8.678484412470025,36.333333333333336,32.0,5002.0,5014.0,131143.0,272029.0,164.0,176.0,34.0,48.0,38.976,30.064,37.0,32.0,0.0,0.0,0.0,0.0,0.0,0.0,-48.0,-39.0,0.0,0.0,36.0,32.0
2023-04-16 21:15:00+00:00,3282.680134680135,2774.224852071006,4287.878787878788,6420.6783625731,45.42201834862385,67.78787878787878,-0.17687074829931973,0.25903614457831325,9.935153652392943,8.185880184331799,38.0,34.8,5002.0,5013.0,212143.0,232437.0,164.0,176.0,19.0,13.0,38.976,30.032,39.0,36.0,0.0,0.0,0.0,0.0,0.0,0.0,-51.0,-11.0,0.0,0.0,37.0,34.0
2023-04-16 22:15:00+00:00,3087.86798679868,2932.234513274336,2342.139303482587,4071.681614349776,40.688644688644686,67.83574879227054,-0.5880503144654088,0.22459893048128343,9.084179104477611,7.870733812949647,40.0,36.4,5001.0,5004.0,40000.0,43410.0,164.0,176.0,32.0,44.0,38.976,30.016,40.0,37.0,0.0,0.0,0.0,0.0,0.0,0.0,-51.0,-45.0,0.0,0.0,40.0,36.0
2023-04-16 23:30:00+00:00,3183.022292993631,2662.8534031413615,4994.381188118812,5488.303664921466,35.00403225806452,69.12738853503184,-0.7670807453416149,-0.7338129496402878,9.854173515981733,7.575423999999999,41.5,37.0,5002.0,5003.0,196714.0,216000.0,164.0,176.0,6.0,37.0,39.008,30.032,42.0,37.0,0.0,0.0,0.0,0.0,0.0,0.0,-43.0,-47.0,0.0,0.0,41.0,37.0
2023-04-16 23:45:00+00:00,3041.2989323843417,2953.3498349834986,3476.681081081081,5310.066889632107,43.31967213114754,65.52923076923076,-1.2065217391304348,0.4103585657370518,9.067186629526466,9.009053164556965,41.0,37.5,5002.0,5013.0,96429.0,246528.0,164.0,176.0,20.0,43.0,38.976,30.032,41.0,38.0,0.0,0.0,0.0,0.0,0.0,0.0,-48.0,-42.0,0.0,0.0,41.0,37.0
2023-04-17 07:45:00+00:00,3096.845323741007,3007.733542319749,4210.577889447236,4916.698996655518,45.02439024390244,66.94193548387096,-0.38380281690140844,0.5905511811023622,8.920967032967035,8.99348,42.57142857142857,38.5,5002.0,5013.0,264929.0,307964.0,164.0,176.0,48.0,40.0,38.976,30.032,43.0,39.0,0.0,0.0,0.0,0.0,0.0,0.0,-43.0,-43.0,0.0,0.0,42.0,38.0
2023-04-17 08:00:00+00:00,3178.221153846154,2902.0241935483873,3932.925925925926,5310.944680851064,31.38490566037736,68.19158878504673,-0.17901234567901234,1.082051282051282,9.726407582938386,8.23631545741325,42.5,38.4,5001.0,5014.0,192857.0,150857.0,164.0,176.0,42.0,44.0,38.976,30.016,43.0,39.0,0.0,0.0,0.0,0.0,0.0,0.0,-41.0,-41.0,0.0,0.0,42.0,38.0
2023-04-17 08:15:00+00:00,3172.2544378698226,2861.8244274809163,4148.985849056604,5761.989010989011,39.42965779467681,67.57831325301204,0.0029069767441860465,0.15178571428571427,10.085871559633022,8.602993865030669,42.44444444444444,38.5,5002.0,5003.0,169714.0,329568.0,164.0,176.0,49.0,43.0,38.976,30.032,43.0,39.0,0.0,0.0,0.0,0.0,0.0,0.0,-49.0,-47.0,0.0,0.0,42.0,38.0
2023-04-17 08:45:00+00:00,2955.064655172414,2772.0088105726873,4494.890510948905,6190.004587155963,41.01086956521739,70.885,-0.41284403669724773,-0.3273809523809524,9.318891385767785,7.987622641509433,42.5,38.666666666666664,5002.0,5004.0,112494.0,216000.0,164.0,176.0,15.0,49.0,38.976,30.016,43.0,39.0,0.0,0.0,0.0,0.0,0.0,0.0,-48.0,-44.0,0.0,0.0,42.0,38.0
2023-04-17 09:00:00+00:00,3154.7414965986395,2890.04181184669,3217.3714285714286,3938.859778597786,38.19776119402985,66.93308550185874,-0.2507836990595611,0.25257731958762886,9.0784080604534,9.209181058495826,42.333333333333336,38.4,5002.0,5013.0,96429.0,278802.0,164.0,176.0,46.0,48.0,39.008,30.032,43.0,39.0,0.0,0.0,0.0,0.0,0.0,0.0,-47.0,-47.0,0.0,0.0,42.0,38.0
2023-04-17 09:15:00+00:00,3229.4819277108436,1150.5,6129.793103448276,12864.37037037037,22.755102040816325,2.6,0.7160493827160493,-4.25,12.121570093457944,2.283354838709678,42.5,38.5,5001.0,4002.0,40000.0,185143.0,163.0,5.0,40.0,1.0,38.976,5.536,43.0,39.0,0.0,0.0,0.0,0.0,0.0,0.0,-35.0,-42.0,0.0,0.0,42.0,38.0
2023-04-17 09:30:00+00:00,2668.3571428571427,3484.2696629213483,331.1818181818182,2152.75,64.5625,78.10344827586206,-3.6923076923076925,0.8088235294117647,2.1199999999999997,11.786716981132074,42.5,39.0,3994.0,5006.0,793.0,22859.0,164.0,176.0,2.0,27.0,5.312,30.032,43.0,39.0,0.0,0.0,0.0,0.0,0.0,0.0,-17.0,-41.0,0.0,0.0,42.0,39.0
2023-04-17 09:45:00+00:00,3192.3402366863907,2905.8458149779735,2619.511848341232,4698.574898785425,40.7,64.7175925925926,-1.2457627118644068,0.48514851485148514,9.792825806451606,7.9854594594594595,42.5,38.0,5001.0,5007.0,40000.0,63749.0,164.0,176.0,48.0,45.0,39.008,30.032,43.0,38.0,0.0,0.0,0.0,0.0,0.0,0.0,-51.0,-47.0,0.0,0.0,42.0,38.0
2023-04-17 10:00:00+00:00,3087.126530612245,2903.8152492668623,2387.748344370861,3916.3757575757577,44.81621621621622,66.10862619808307,-0.4870848708487085,-0.3786008230452675,8.833879365079369,8.532309133489463,42.57142857142857,38.5,5002.0,5005.0,34286.0,154286.0,164.0,176.0,48.0,28.0,38.976,30.032,43.0,39.0,0.0,0.0,0.0,0.0,0.0,0.0,-51.0,-41.0,0.0,0.0,42.0,38.0
2023-04-17 10:45:00+00:00,3255.2251461988303,2660.663212435233,3636.2929292929293,3326.1736842105265,35.09124087591241,65.61797752808988,-0.09221902017291066,1.1614906832298137,9.788596491228072,7.231999999999995,43.0,39.0,5002.0,5014.0,96429.0,40000.0,164.0,176.0,19.0,41.0,39.008,30.032,43.0,39.0,0.0,0.0,0.0,0.0,0.0,0.0,-12.0,-50.0,0.0,0.0,43.0,39.0
2023-04-18 12:30:00+00:00,2939.0837209302326,2944.2271293375393,2792.185185185185,3421.574324324324,44.44390243902439,67.14516129032258,-0.6016260162601627,0.23045267489711935,8.530413114754097,8.876417910447758,43.333333333333336,41.0,5001.0,5004.0,40000.0,40000.0,164.0,176.0,38.0,50.0,39.008,30.032,44.0,41.0,0.0,0.0,0.0,0.0,0.0,0.0,-49.0,-47.0,0.0,0.0,43.0,41.0
2023-04-19 01:15:00+00:00,3162.8221153846152,1784.9032258064517,3259.5267175572517,5043.936170212766,48.470588235294116,5.5,0.03314917127071823,-0.36,10.038202643171804,1.739,44.0,40.0,5002.0,4001.0,108000.0,43778.0,164.0,20.0,11.0,20.0,38.976,5.504,44.0,40.0,0.0,0.0,0.0,0.0,0.0,0.0,-46.0,-10.0,0.0,0.0,44.0,40.0
2023-04-19 03:15:00+00:00,2587.848360655738,2919.1897106109323,5733.173611111111,4476.078369905956,46.37426900584796,67.72459016393442,-1.226027397260274,-0.09349593495934959,8.924592057761737,8.83426865671642,43.5,39.5,5002.0,5007.0,200571.0,104649.0,164.0,176.0,39.0,49.0,38.992,30.032,44.0,40.0,0.0,0.0,0.0,0.0,0.0,0.0,-42.0,-44.0,0.0,0.0,43.0,39.0
2023-04-20 00:15:00+00:00,3078.831223628692,2805.9555555555557,3034.4327485380118,4914.376923076923,43.28909952606635,68.62704918032787,-1.4318181818181819,-0.15577889447236182,9.018770226537235,9.053809523809523,44.0,38.666666666666664,5001.0,5007.0,96429.0,286363.0,164.0,176.0,30.0,46.0,38.992,30.032,44.0,39.0,0.0,0.0,0.0,0.0,0.0,0.0,-42.0,-40.0,0.0,0.0,44.0,38.0
2023-04-20 02:30:00+00:00,3248.2841726618703,1652.032258064516,5492.017241379311,7511.355555555556,35.83495145631068,5.25,0.7301038062283737,0.4782608695652174,10.18530413625304,2.2195087719298248,42.5,38.0,5002.0,4001.0,200571.0,40000.0,164.0,12.0,39.0,28.0,38.992,6.192,43.0,38.0,0.0,0.0,0.0,0.0,0.0,0.0,-7.0,-5.0,0.0,0.0,42.0,38.0
2023-04-20 07:30:00+00:00,2953.4,2890.3756906077347,4326.163742690059,3276.2905198776757,44.79326923076923,68.51875,-0.44363636363636366,0.564,8.148424437299033,8.509420560747667,42.5,37.0,5002.0,5003.0,138857.0,40000.0,164.0,176.0,51.0,44.0,38.976,30.032,43.0,37.0,0.0,0.0,0.0,0.0,0.0,0.0,-47.0,-41.0,0.0,0.0,42.0,37.0
2023-04-20 13:45:00+00:00,2922.738938053097,2871.737341772152,4342.570512820513,4202.687296416938,44.005208333333336,65.57096774193549,-0.5433070866141733,1.5666666666666667,8.821757785467128,8.751961070559616,44.0,41.0,5002.0,5014.0,115714.0,40000.0,164.0,176.0,35.0,42.0,38.96,30.032,44.0,41.0,0.0,0.0,0.0,0.0,0.0,0.0,-30.0,-38.0,0.0,0.0,44.0,41.0
2023-04-20 15:00:00+00:00,3323.277027027027,1481.421052631579,5877.533333333334,5528.045454545455,25.985507246376812,4.166666666666667,0.19101123595505617,-0.4807692307692308,10.750065116279076,2.1981935483870965,45.5,42.0,5001.0,4001.0,196714.0,40000.0,164.0,15.0,5.0,1.0,38.992,5.536,46.0,42.0,0.0,0.0,0.0,0.0,0.0,0.0,-6.0,-2.0,0.0,0.0,45.0,42.0
2023-04-20 19:45:00+00:00,3151.4375,2878.5238095238096,1935.531746031746,3695.5266666666666,34.973333333333336,65.55974842767296,-0.9456521739130435,0.025423728813559324,9.498812499999998,9.193989847715734,45.0,42.0,5002.0,5004.0,40000.0,40000.0,164.0,176.0,39.0,41.0,38.992,30.016,45.0,42.0,0.0,0.0,0.0,0.0,0.0,0.0,-49.0,-43.0,0.0,0.0,45.0,42.0
2023-04-21 13:15:00+00:00,3254.6897689768975,2593.4869109947645,3575.4938271604938,4501.885714285714,35.00416666666667,63.09189189189189,0.06811145510835913,0.6783216783216783,10.293237851662399,7.20216541353383,45.5,42.333333333333336,5002.0,5004.0,138857.0,108000.0,164.0,176.0,47.0,48.0,38.992,30.032,46.0,43.0,0.0,0.0,0.0,0.0,0.0,0.0,-45.0,-40.0,0.0,0.0,45.0,42.0
2023-04-21 13:30:00+00:00,3159.475,3051.776923076923,4307.1463414634145,4308.632411067194,44.42758620689655,69.8923076923077,-0.2645739910313901,1.3444444444444446,9.04711787072244,9.640662721893491,45.5,42.55555555555556,5002.0,5015.0,138857.0,144594.0,164.0,176.0,45.0,45.0,38.96,30.032,46.0,43.0,0.0,0.0,0.0,0.0,0.0,0.0,-44.0,-35.0,0.0,0.0,45.0,42.0
2023-04-21 13:45:00+00:00,3287.955497382199,2906.593301435407,5925.864628820961,3645.1553398058254,37.54208754208754,61.460396039603964,-0.5862068965517241,0.7083333333333334,9.784700610997964,8.181354085603115,45.5,42.42857142857143,5002.0,5007.0,246531.0,40000.0,164.0,176.0,29.0,46.0,38.976,30.032,46.0,43.0,0.0,0.0,0.0,0.0,0.0,0.0,-49.0,-48.0,0.0,0.0,45.0,42.0
2023-04-21 16:00:00+00:00,3201.718309859155,2777.599173553719,2615.970238095238,3642.531380753138,36.694063926940636,69.75943396226415,-0.42160278745644597,0.026881720430107527,8.885717717717714,8.232957928802593,45.333333333333336,42.5,5002.0,5005.0,81000.0,40000.0,164.0,176.0,41.0,42.0,39.008,30.016,46.0,43.0,0.0,0.0,0.0,0.0,0.0,0.0,-45.0,-40.0,0.0,0.0,45.0,42.0
2023-04-21 16:15:00+00:00,3084.2733564013843,2770.7529880478087,3808.3846153846152,4021.8359375,42.796,63.74329501915709,-0.5626822157434402,0.06629834254143646,9.122447592067989,8.832098159509208,45.5,43.0,5001.0,5010.0,210291.0,282540.0,164.0,176.0,28.0,39.0,38.976,30.032,46.0,43.0,0.0,0.0,0.0,0.0,0.0,0.0,-26.0,-42.0,0.0,0.0,45.0,43.0
2023-04-21 16:30:00+00:00,3136.3981481481483,2683.7397260273974,4712.162436548223,5067.188596491228,33.29277566539924,67.28729281767956,-0.5111111111111111,1.2901234567901234,9.680271844660199,7.231304347826085,45.5,42.5,5002.0,5004.0,150429.0,77143.0,164.0,176.0,29.0,43.0,39.008,30.048,46.0,43.0,0.0,0.0,0.0,0.0,0.0,0.0,-44.0,-36.0,0.0,0.0,45.0,42.0
2023-04-21 16:45:00+00:00,3151.6060606060605,2850.2709030100336,2966.047904191617,3807.660714285714,44.98206278026906,67.83333333333333,-0.39245283018867927,-0.26424870466321243,9.322234234234228,9.44730434782608,45.5,42.5,5002.0,5006.0,50143.0,180062.0,164.0,176.0,30.0,40.0,38.976,30.048,46.0,43.0,0.0,0.0,0.0,0.0,0.0,0.0,-23.0,-46.0,0.0,0.0,45.0,42.0
2023-04-21 17:00:00+00:00,3186.348623853211,2639.8011049723755,4735.057291666667,4811.859296482412,34.906716417910445,65.38364779874213,-0.33620689655172414,-0.060810810810810814,9.702482435597199,7.490112000000003,45.5,42.5,5002.0,5007.0,216000.0,72107.0,164.0,176.0,50.0,28.0,38.976,30.048,46.0,43.0,0.0,0.0,0.0,0.0,0.0,0.0,-51.0,-40.0,0.0,0.0,45.0,42.0
2023-04-21 18:45:00+00:00,2046.9516129032259,2947.134969325153,3276.531914893617,3943.1369863013697,57.018181818181816,66.9390243902439,-3.823529411764706,0.3008849557522124,5.1604363636363635,9.146528497409328,45.0,41.0,4012.0,5010.0,40000.0,40000.0,164.0,176.0,37.0,41.0,18.992,30.016,45.0,41.0,0.0,0.0,0.0,0.0,0.0,0.0,-48.0,-28.0,0.0,0.0,45.0,41.0
2023-04-21 19:30:00+00:00,3108.1428571428573,2857.690909090909,5698.854166666667,3891.753012048193,35.7625,65.93865030674847,-0.5042016806722689,0.6434108527131783,10.573558441558454,8.449201877934277,44.0,40.333333333333336,5002.0,5007.0,115714.0,40000.0,164.0,176.0,35.0,32.0,39.008,30.0,44.0,41.0,0.0,0.0,0.0,0.0,0.0,0.0,-30.0,-35.0,0.0,0.0,44.0,40.0
2023-04-23 20:15:00+00:00,3109.1524390243903,2715.8141592920356,2016.384,2020.2582159624412,36.401869158878505,65.34272300469483,-0.10576923076923077,0.2742857142857143,11.739538461538471,10.786239999999994,34.666666666666664,28.0,5001.0,5003.0,10000.0,27000.0,164.0,176.0,14.0,12.0,48.752,37.136,36.0,28.0,0.0,0.0,0.0,0.0,0.0,0.0,-14.0,-10.0,0.0,0.0,34.0,28.0
2023-04-23 20:45:00+00:00,3105.95067264574,3010.5377777777776,4363.9699248120305,4325.5,45.31547619047619,72.01739130434783,-0.6231343283582089,0.07075471698113207,9.150988847583651,9.175788079470191,36.5,32.0,5002.0,5010.0,108000.0,40000.0,164.0,176.0,34.0,44.0,38.976,30.096,37.0,32.0,0.0,0.0,0.0,0.0,0.0,0.0,-44.0,-47.0,0.0,0.0,36.0,32.0
2023-04-23 21:15:00+00:00,3192.150568181818,2709.7430167597763,4574.344086021505,4948.371134020618,40.825688073394495,67.8625,-0.023872679045092837,-0.5323741007194245,9.891963302752295,7.614510121457493,38.5,34.666666666666664,5002.0,5006.0,169714.0,56679.0,164.0,176.0,50.0,40.0,39.008,30.048,39.0,36.0,0.0,0.0,0.0,0.0,0.0,0.0,-12.0,-42.0,0.0,0.0,38.0,34.0
2023-04-23 22:00:00+00:00,3120.486394557823,3034.6,2914.6903553299494,3145.3984674329504,46.84649122807018,66.57407407407408,-0.40268456375838924,0.2639593908629442,8.9669810298103,8.905803468208093,40.42857142857143,36.333333333333336,5001.0,5004.0,96429.0,40000.0,164.0,176.0,35.0,33.0,39.008,30.032,41.0,37.0,0.0,0.0,0.0,0.0,0.0,0.0,-48.0,-35.0,0.0,0.0,40.0,36.0
2023-04-24 01:30:00+00:00,3105.7012987012986,2841.1202531645567,3490.33971291866,3551.1927710843374,45.48739495798319,68.84313725490196,-0.5903614457831325,0.7142857142857143,9.513463182897864,8.465886792452828,42.5,37.5,5002.0,5005.0,212143.0,40000.0,164.0,176.0,6.0,43.0,39.008,30.048,43.0,38.0,0.0,0.0,0.0,0.0,0.0,0.0,-51.0,-40.0,0.0,0.0,42.0,37.0
2023-04-24 03:30:00+00:00,3080.5189393939395,2886.0272727272727,5050.253968253968,3487.2392026578073,41.566265060240966,69.1583850931677,-1.1342756183745584,0.462882096069869,9.158765714285709,9.021529113924055,42.5,37.0,5002.0,5007.0,169714.0,40000.0,164.0,176.0,47.0,49.0,38.976,30.064,43.0,37.0,0.0,0.0,0.0,0.0,0.0,0.0,-50.0,-49.0,0.0,0.0,42.0,37.0
2023-04-24 14:00:00+00:00,3258.451612903226,849.0588235294117,3806.8636363636365,7713.15,31.52173913043478,4.2,0.41605839416058393,-0.46153846153846156,10.544484848484846,2.2317241379310344,41.0,38.333333333333336,5001.0,4000.0,123429.0,40000.0,163.0,10.0,5.0,3.0,39.008,5.584,42.0,39.0,0.0,0.0,0.0,0.0,0.0,0.0,-8.0,-3.0,0.0,0.0,40.0,38.0
2023-04-24 14:15:00+00:00,3053.5373134328356,2893.634782608696,4660.669291338582,3876.693396226415,45.64739884393064,75.1745283018868,-0.5953488372093023,-0.7386363636363636,9.133101886792462,8.551800711743775,41.0,38.5,5002.0,5006.0,138857.0,40000.0,164.0,176.0,47.0,43.0,38.976,30.064,41.0,39.0,0.0,0.0,0.0,0.0,0.0,0.0,-49.0,-45.0,0.0,0.0,41.0,38.0
2023-04-24 14:45:00+00:00,3241.5988023952095,2729.233830845771,5028.334928229665,6115.063157894737,37.88235294117647,66.95882352941176,0.12320916905444126,-0.15217391304347827,9.988461873638332,7.670465306122446,42.42857142857143,39.0,5002.0,5004.0,290424.0,154069.0,164.0,176.0,41.0,40.0,39.008,30.032,43.0,39.0,0.0,0.0,0.0,0.0,0.0,0.0,-31.0,-38.0,0.0,0.0,42.0,39.0
2023-04-24 16:30:00+00:00,3262.9931972789113,2811.1866666666665,3539.8625,4447.92,29.155963302752294,76.29824561403508,0.12290502793296089,0.5625,10.236345177664965,6.651130434782611,44.0,41.0,5001.0,5005.0,61714.0,40000.0,164.0,176.0,37.0,48.0,38.976,28.288,44.0,41.0,0.0,0.0,0.0,0.0,0.0,0.0,-48.0,-34.0,0.0,0.0,44.0,41.0
2023-04-24 22:30:00+00:00,3097.2908366533866,2680.6222222222223,3979.8928571428573,3995.0,40.85572139303483,69.82578397212544,-0.008403361344537815,-0.014492753623188406,8.589653958944282,8.524639999999994,45.5,41.666666666666664,5001.0,5005.0,150429.0,40000.0,164.0,176.0,51.0,41.0,38.976,30.048,46.0,42.0,0.0,0.0,0.0,0.0,0.0,0.0,-48.0,-47.0,0.0,0.0,45.0,41.0
2023-04-25 10:00:00+00:00,2973.6285714285714,2859.315789473684,2254.206896551724,3148.6785714285716,38.4203821656051,69.2741935483871,-0.15357142857142858,-0.23809523809523808,9.40403053435115,9.27022492401216,45.5,41.0,5001.0,5010.0,40000.0,40000.0,164.0,176.0,47.0,19.0,39.008,30.032,46.0,41.0,0.0,0.0,0.0,0.0,0.0,0.0,-26.0,-40.0,0.0,0.0,45.0,41.0
2023-04-25 14:00:00+00:00,3064.35960591133,1963.4123711340205,3158.0575539568345,3034.020689655172,44.53333333333333,47.726027397260275,0.4331983805668016,-0.22093023255813954,9.610605363984677,4.8357333333333345,45.5,42.666666666666664,5002.0,4505.0,108000.0,108000.0,164.0,176.0,5.0,9.0,39.008,24.4,46.0,43.0,0.0,0.0,0.0,0.0,0.0,0.0,-25.0,-19.0,0.0,0.0,45.0,42.0
2023-04-25 15:30:00+00:00,2919.8274509803923,2901.6534653465346,4250.1292134831465,5686.759615384615,48.17351598173516,67.1158940397351,-0.9732824427480916,0.592436974789916,9.200331360946741,8.91470025188917,45.5,42.333333333333336,5001.0,5006.0,216000.0,334327.0,164.0,176.0,52.0,42.0,38.992,30.032,46.0,43.0,0.0,0.0,0.0,0.0,0.0,0.0,-50.0,-49.0,0.0,0.0,45.0,42.0
2023-04-25 16:30:00+00:00,3183.8469387755104,2790.858974358974,5442.954545454545,5418.338775510204,38.15981735159817,71.47368421052632,0.31399317406143346,0.21105527638190955,10.075416216216215,8.005458193979939,47.5,42.5,5002.0,5007.0,146571.0,40000.0,164.0,176.0,48.0,35.0,39.008,30.032,48.0,43.0,0.0,0.0,0.0,0.0,0.0,0.0,-49.0,-37.0,0.0,0.0,47.0,42.0
2023-04-25 17:45:00+00:00,3124.149825783972,2839.7626459143967,5222.604166666667,3204.875518672199,39.06563706563706,66.8412017167382,-0.4084967320261438,0.09659090909090909,9.036270676691723,8.337025641025642,47.5,43.42857142857143,5001.0,5004.0,192857.0,40000.0,164.0,176.0,49.0,40.0,38.976,30.032,48.0,44.0,0.0,0.0,0.0,0.0,0.0,0.0,-47.0,-47.0,0.0,0.0,47.0,43.0
2023-04-25 18:00:00+00:00,3037.4470198675494,2797.978540772532,3177.7080745341614,4630.794238683127,37.269406392694066,70.48756218905473,0.06818181818181818,-0.0446927374301676,9.975892761394094,8.218666666666673,47.5,43.666666666666664,5002.0,5011.0,96429.0,102964.0,164.0,176.0,34.0,41.0,39.008,30.032,48.0,44.0,0.0,0.0,0.0,0.0,0.0,0.0,-12.0,-47.0,0.0,0.0,47.0,43.0
2023-04-25 18:15:00+00:00,3183.582474226804,2881.192893401015,5360.8536585365855,4938.939814814815,41.645833333333336,67.12626262626263,-0.3951219512195122,0.1865671641791045,9.187771863117874,9.482544061302683,47.45454545454545,43.5,5002.0,5011.0,216000.0,216000.0,164.0,176.0,44.0,44.0,38.976,30.048,48.0,44.0,0.0,0.0,0.0,0.0,0.0,0.0,-30.0,-35.0,0.0,0.0,47.0,43.0
2023-04-25 22:45:00+00:00,3178.9401408450703,2841.4966666666664,3359.9620253164558,3458.0918727915196,39.004784688995215,70.24904214559388,-1.3473684210526315,0.676056338028169,8.773099415204683,8.782346253229969,45.5,42.666666666666664,5002.0,5015.0,92571.0,77143.0,164.0,176.0,43.0,39.0,38.992,30.032,46.0,43.0,0.0,0.0,0.0,0.0,0.0,0.0,-51.0,-45.0,0.0,0.0,45.0,42.0
2023-04-25 23:00:00+00:00,3156.96174863388,2883.0754716981132,4505.637554585152,3943.3875598086124,37.90878378378378,63.76470588235294,-0.06051873198847262,0.30864197530864196,9.770961145194281,7.9263529411764635,45.5,42.5,5001.0,5015.0,192857.0,40000.0,164.0,176.0,50.0,39.0,39.008,30.032,46.0,43.0,0.0,0.0,0.0,0.0,0.0,0.0,-48.0,-39.0,0.0,0.0,45.0,42.0
2023-04-25 23:15:00+00:00,2897.4214559386974,2903.460481099656,3625.846590909091,4624.699680511182,49.69603524229075,67.56026058631922,-0.5967741935483871,1.0592885375494072,9.13852887537994,8.683639902676404,45.5,42.5,5001.0,5007.0,96429.0,216000.0,164.0,176.0,35.0,46.0,39.008,30.032,46.0,43.0,0.0,0.0,0.0,0.0,0.0,0.0,-51.0,-34.0,0.0,0.0,45.0,42.0
2023-04-25 23:30:00+00:00,3173.3699059561127,2757.8405172413795,4157.564814814815,4545.144680851064,35.657794676806084,67.4,-0.25219941348973607,-0.19553072625698323,9.664501118568232,8.072,45.55555555555556,42.5,5002.0,5013.0,146571.0,77143.0,164.0,176.0,39.0,39.0,38.992,30.032,46.0,43.0,0.0,0.0,0.0,0.0,0.0,0.0,-32.0,-42.0,0.0,0.0,45.0,42.0
2023-04-26 03:15:00+00:00,3141.970394736842,2950.7088607594937,4069.9786096256685,4425.70325203252,37.08888888888889,69.73239436619718,-0.0812720848056537,0.297029702970297,9.7928115942029,8.678203076923078,45.5,41.5,5001.0,5014.0,69429.0,40000.0,164.0,176.0,50.0,31.0,39.008,30.032,46.0,42.0,0.0,0.0,0.0,0.0,0.0,0.0,-49.0,-45.0,0.0,0.0,45.0,41.0
2023-04-26 07:30:00+00:00,2972.984496124031,2895.707006369427,2999.7830687830688,4024.0313479623824,47.84615384615385,67.20394736842105,-0.4151624548736462,-0.04633204633204633,8.671750778816193,8.802909090909091,44.42857142857143,41.333333333333336,5002.0,5009.0,40000.0,40000.0,164.0,176.0,47.0,43.0,38.992,30.032,45.0,42.0,0.0,0.0,0.0,0.0,0.0,0.0,-50.0,-47.0,0.0,0.0,44.0,41.0
2023-04-26 09:30:00+00:00,2526.12,2905.2901234567903,3835.5549132947976,4957.822784810127,46.175925925925924,66.70716510903426,-0.5359712230215827,0.9612403100775194,8.840677115987457,8.756878048780486,45.5,42.0,5002.0,5013.0,192857.0,180977.0,164.0,176.0,36.0,50.0,39.008,30.032,46.0,42.0,0.0,0.0,0.0,0.0,0.0,0.0,-26.0,-41.0,0.0,0.0,45.0,42.0
2023-04-26 09:45:00+00:00,3269.871875,2633.75,4050.427135678392,5790.984536082474,32.90588235294118,66.9079754601227,-0.3473389355742297,-0.4533333333333333,9.949097345132747,7.612709677419353,45.333333333333336,43.0,5002.0,5004.0,146571.0,195536.0,164.0,176.0,42.0,49.0,39.008,30.032,46.0,43.0,0.0,0.0,0.0,0.0,0.0,0.0,-47.0,-39.0,0.0,0.0,45.0,43.0
2023-04-26 10:00:00+00:00,3060.1078066914497,2938.7507886435333,4313.855555555556,3903.535593220339,45.093333333333334,66.76375404530744,-0.7925170068027211,0.5355648535564853,8.673788519637458,8.856158415841577,45.6,42.5,5001.0,5013.0,216000.0,185143.0,164.0,176.0,28.0,50.0,38.992,30.032,46.0,43.0,0.0,0.0,0.0,0.0,0.0,0.0,-50.0,-47.0,0.0,0.0,45.0,42.0
2023-04-26 10:15:00+00:00,3307.127725856698,2816.154285714286,3984.9627659574467,4787.372972972973,32.87755102040816,65.72955974842768,-0.18238993710691823,1.3846153846153846,10.041846153846148,7.965084745762712,45.5,42.5,5002.0,5004.0,169714.0,138983.0,164.0,176.0,50.0,44.0,38.992,30.032,46.0,43.0,0.0,0.0,0.0,0.0,0.0,0.0,-45.0,-21.0,0.0,0.0,45.0,42.0
2023-04-26 10:30:00+00:00,2820.1071428571427,2817.561872909699,3926.7044025157234,3609.084142394822,39.48768472906404,68.35806451612903,-1.099264705882353,0.47280334728033474,8.751222222222228,8.77714841849148,45.5,42.333333333333336,5002.0,5005.0,115714.0,40000.0,164.0,176.0,41.0,43.0,38.992,30.032,46.0,43.0,0.0,0.0,0.0,0.0,0.0,0.0,-43.0,-38.0,0.0,0.0,45.0,42.0
2023-04-26 11:00:00+00:00,3175.9013157894738,3011.16875,5127.080808080808,4373.258278145695,41.6124031007752,68.0886075949367,-0.6283185840707964,0.5323741007194245,10.259282051282051,8.997061224489798,45.5,42.666666666666664,4498.0,5010.0,192857.0,184637.0,164.0,176.0,27.0,40.0,39.008,30.032,46.0,43.0,0.0,0.0,0.0,0.0,0.0,0.0,-51.0,-35.0,0.0,0.0,45.0,42.0
2023-04-26 11:15:00+00:00,3116.619230769231,2929.408906882591,4287.475609756098,4805.645299145299,41.976303317535546,68.89767441860465,-0.1958762886597938,0.5497382198952879,8.81604892966361,8.639753846153846,45.5,42.5,5002.0,5006.0,169714.0,187072.0,164.0,176.0,37.0,46.0,38.992,30.032,46.0,43.0,0.0,0.0,0.0,0.0,0.0,0.0,-33.0,-40.0,0.0,0.0,45.0,42.0
2023-04-26 11:30:00+00:00,3173.700507614213,2719.0429184549357,7062.552,3699.195035460993,38.865497076023395,65.86666666666666,-0.6834862385321101,0.9010416666666666,9.386666666666676,8.61556462585034,45.5,42.5,5002.0,5007.0,271280.0,187380.0,164.0,176.0,34.0,48.0,38.992,30.032,46.0,43.0,0.0,0.0,0.0,0.0,0.0,0.0,-12.0,-42.0,0.0,0.0,45.0,42.0
2023-04-26 11:45:00+00:00,3172.3431952662722,2801.553672316384,3185.699530516432,5442.293193717277,36.89003436426117,67.16766467065868,-0.4375,0.6232876712328768,9.846101694915248,7.8549958158995805,45.5,42.333333333333336,5001.0,5004.0,88714.0,195536.0,164.0,176.0,42.0,38.0,38.992,30.032,46.0,43.0,0.0,0.0,0.0,0.0,0.0,0.0,-49.0,-37.0,0.0,0.0,45.0,42.0
2023-04-26 13:15:00+00:00,3187.5202312138726,2880.7078651685392,3567.1814159292035,3714.3505154639174,38.280701754385966,63.851063829787236,0.17329545454545456,0.6709677419354839,9.931794661190967,8.118964705882355,45.42857142857143,43.0,5001.0,5005.0,169714.0,40000.0,164.0,176.0,50.0,44.0,39.008,30.016,46.0,43.0,0.0,0.0,0.0,0.0,0.0,0.0,-13.0,-36.0,0.0,0.0,45.0,43.0
2023-04-26 15:30:00+00:00,3119.5405405405404,2866.781690140845,2265.6990291262136,4646.787234042553,35.802721088435376,72.22222222222223,-0.3466666666666667,0.4043321299638989,10.111686274509813,9.591217391304347,45.5,43.5,4497.0,5005.0,20857.0,216000.0,164.0,176.0,34.0,37.0,38.992,30.032,46.0,44.0,0.0,0.0,0.0,0.0,0.0,0.0,-19.0,-33.0,0.0,0.0,45.0,43.0
2023-04-26 18:30:00+00:00,3084.26,2983.3025210084033,2628.8680555555557,3279.1256038647343,41.89142857142857,69.24170616113744,-0.6037735849056604,0.19909502262443438,9.057239852398524,8.873222222222225,46.0,44.0,5002.0,5004.0,61714.0,40000.0,164.0,176.0,32.0,36.0,38.992,30.048,46.0,44.0,0.0,0.0,0.0,0.0,0.0,0.0,-26.0,-39.0,0.0,0.0,46.0,44.0
2023-04-26 19:45:00+00:00,3230.386617100372,2839.6140350877195,4226.186335403727,4594.630996309963,40.410628019323674,70.31517509727627,-0.30313588850174217,0.12755102040816327,8.769717791411043,9.108089887640455,45.5,42.5,5002.0,5008.0,192857.0,164688.0,164.0,176.0,49.0,35.0,38.992,30.048,46.0,43.0,0.0,0.0,0.0,0.0,0.0,0.0,-51.0,-39.0,0.0,0.0,45.0,42.0
2023-04-26 20:00:00+00:00,3178.95223880597,2746.380530973451,3064.6769911504425,4326.548117154812,34.23728813559322,66.4319248826291,-0.48563218390804597,-0.024390243902439025,9.941400843881853,7.655410526315789,45.57142857142857,42.57142857142857,5002.0,5004.0,54000.0,56894.0,164.0,176.0,17.0,44.0,39.008,30.032,46.0,43.0,0.0,0.0,0.0,0.0,0.0,0.0,-48.0,-39.0,0.0,0.0,45.0,42.0
2023-04-26 20:15:00+00:00,2908.31718061674,2813.062937062937,5040.070967741935,5948.934426229508,40.16990291262136,70.15272727272728,-0.3469387755102041,0.4311111111111111,8.831890410958902,8.592943589743594,45.5,42.5,5002.0,5013.0,169714.0,339393.0,164.0,176.0,49.0,45.0,39.008,30.032,46.0,43.0,0.0,0.0,0.0,0.0,0.0,0.0,-51.0,-47.0,0.0,0.0,45.0,42.0
2023-04-26 20:45:00+00:00,3020.473880597015,2812.288888888889,3170.34375,3563.845659163987,44.27467811158798,68.39365079365079,-1.34375,0.0,9.017827893175067,8.688346987951808,45.57142857142857,42.5,5002.0,5004.0,77143.0,40000.0,164.0,176.0,33.0,44.0,39.008,30.032,46.0,43.0,0.0,0.0,0.0,0.0,0.0,0.0,-44.0,-43.0,0.0,0.0,45.0,42.0
2023-04-26 21:00:00+00:00,3166.2792792792793,2584.7754237288136,4350.630208333333,4238.536363636364,36.596,68.18536585365854,0.19384615384615383,-0.40476190476190477,9.718328089887644,7.883835616438354,45.5,42.5,5002.0,5004.0,115714.0,96005.0,164.0,176.0,48.0,49.0,38.992,30.032,46.0,43.0,0.0,0.0,0.0,0.0,0.0,0.0,-35.0,-47.0,0.0,0.0,45.0,42.0
2023-04-26 21:15:00+00:00,3060.4285714285716,2903.186311787072,4513.322429906542,4122.581481481481,46.61087866108787,67.02713178294573,-1.1064516129032258,0.014018691588785047,8.966248756218897,8.875487179487177,45.5,42.5,5002.0,5007.0,216000.0,215584.0,164.0,176.0,47.0,44.0,38.992,30.032,46.0,43.0,0.0,0.0,0.0,0.0,0.0,0.0,-51.0,-44.0,0.0,0.0,45.0,42.0
2023-04-26 21:30:00+00:00,2843.2028985507245,2832.975265017668,3833.59509202454,4349.021352313167,39.27317073170732,67.86590038314176,-0.4794520547945205,-0.009852216748768473,9.89673913043478,8.836181333333332,45.5,42.5,5002.0,5005.0,96429.0,164679.0,164.0,176.0,30.0,36.0,38.992,30.016,46.0,43.0,0.0,0.0,0.0,0.0,0.0,0.0,-44.0,-41.0,0.0,0.0,45.0,42.0
2023-04-26 21:45:00+00:00,3262.3541666666665,2936.695852534562,3523.4755555555557,5575.986842105263,40.54873646209386,63.023809523809526,-0.3942857142857143,-0.37222222222222223,9.898833333333332,7.935644444444446,45.333333333333336,42.5,5001.0,5005.0,46286.0,169714.0,164.0,176.0,47.0,42.0,38.992,30.016,46.0,43.0,0.0,0.0,0.0,0.0,0.0,0.0,-50.0,-49.0,0.0,0.0,45.0,42.0
2023-04-26 22:00:00+00:00,3050.336363636364,2891.556338028169,3899.6530612244896,6376.711920529801,42.01117318435754,68.49090909090908,-0.8861788617886179,0.9036697247706422,9.025138790035584,8.703424164524419,45.55555555555556,42.5,5002.0,5016.0,108000.0,354866.0,164.0,176.0,27.0,45.0,38.992,30.032,46.0,43.0,0.0,0.0,0.0,0.0,0.0,0.0,-35.0,-46.0,0.0,0.0,45.0,42.0
2023-04-26 22:15:00+00:00,2938.346666666667,3610.84140969163,2193.2608695652175,4131.601398601399,62.58024691358025,65.94666666666667,-3.923076923076923,-0.37748344370860926,7.889154639175257,9.66196685082873,45.5,42.5,4499.0,5004.0,34286.0,141685.0,164.0,176.0,49.0,14.0,25.856,30.032,46.0,43.0,0.0,0.0,0.0,0.0,0.0,0.0,-46.0,-42.0,0.0,0.0,45.0,42.0
2023-04-27 12:15:00+00:00,3162.5589353612168,2871.3055555555557,3861.719178082192,4581.72962962963,37.07798165137615,70.35245901639344,-0.17307692307692307,-0.15270935960591134,8.844686390532543,8.951260115606937,45.5,42.4,5002.0,5014.0,92571.0,197143.0,164.0,176.0,35.0,17.0,39.008,30.032,46.0,43.0,0.0,0.0,0.0,0.0,0.0,0.0,-32.0,-41.0,0.0,0.0,45.0,42.0
2023-04-27 12:30:00+00:00,3010.154929577465,2779.5126050420167,2683.5652173913045,3484.0131004366813,39.77173913043478,65.54666666666667,-0.4495798319327731,0.1276595744680851,8.95884892086331,8.04307692307692,45.42857142857143,42.666666666666664,5001.0,5007.0,40000.0,40000.0,164.0,176.0,50.0,40.0,38.992,30.016,46.0,43.0,0.0,0.0,0.0,0.0,0.0,0.0,-12.0,-46.0,0.0,0.0,45.0,42.0
2023-04-27 12:45:00+00:00,3252.6647887323943,2758.7062146892654,3754.9864253393666,5882.522842639594,39.83870967741935,66.02547770700637,0.40294117647058825,0.272108843537415,10.065522198731504,7.785966101694916,45.6,42.5,5002.0,5010.0,146571.0,216000.0,164.0,176.0,48.0,33.0,38.992,30.032,46.0,43.0,0.0,0.0,0.0,0.0,0.0,0.0,-45.0,-42.0,0.0,0.0,45.0,42.0
2023-04-27 13:00:00+00:00,2959.5185185185187,2958.3973941368076,2368.375,4087.5942492012778,45.778301886792455,65.67084639498432,-0.2862453531598513,0.2777777777777778,8.74994212218649,8.896274509803927,45.5,42.4,5001.0,5014.0,40000.0,79678.0,164.0,176.0,26.0,47.0,38.992,30.0,46.0,43.0,0.0,0.0,0.0,0.0,0.0,0.0,-51.0,-47.0,0.0,0.0,45.0,42.0
2023-04-27 22:15:00+00:00,3263.974358974359,2795.9747899159665,3001.0732984293195,5283.649122807017,35.220338983050844,67.75252525252525,-0.6754966887417219,0.24293785310734464,10.116800000000005,8.13816216216216,45.5,42.57142857142857,5001.0,5014.0,40000.0,169714.0,164.0,176.0,48.0,47.0,39.104,30.048,46.0,43.0,0.0,0.0,0.0,0.0,0.0,0.0,-48.0,-47.0,0.0,0.0,45.0,42.0
2023-04-27 22:30:00+00:00,3122.2705314009663,2735.114942528736,2670.721804511278,3647.3313609467455,39.59627329192546,69.5632911392405,0.2153846153846154,-0.5350877192982456,9.526412451361873,8.48224299065421,45.5,42.5,5002.0,5003.0,40000.0,40000.0,164.0,176.0,45.0,7.0,39.12,30.032,46.0,43.0,0.0,0.0,0.0,0.0,0.0,0.0,-45.0,-33.0,0.0,0.0,45.0,42.0
2023-04-28 01:45:00+00:00,3168.8418604651165,2742.4821428571427,3902.26,3917.067415730337,31.079545454545453,68.80666666666667,-0.9477911646586346,0.9924242424242424,9.373468354430372,8.294660633484169,45.5,41.5,5001.0,5004.0,169714.0,40000.0,164.0,176.0,15.0,40.0,39.104,30.032,46.0,42.0,0.0,0.0,0.0,0.0,0.0,0.0,-50.0,-42.0,0.0,0.0,45.0,41.0
2023-04-28 10:45:00+00:00,3125.9641577060934,2824.925,4241.3297297297295,3737.060869565217,43.86607142857143,65.02232142857143,-0.7364864864864865,1.1242937853107344,9.029711171662123,8.092673267326736,45.4,42.0,5002.0,5004.0,212143.0,124863.0,164.0,176.0,40.0,45.0,39.072,30.032,46.0,42.0,0.0,0.0,0.0,0.0,0.0,0.0,-44.0,-41.0,0.0,0.0,45.0,42.0
2023-04-28 11:00:00+00:00,3226.5317725752507,2751.357894736842,6134.736842105263,4388.860335195531,30.08438818565401,63.98136645962733,-0.6453900709219859,-0.3333333333333333,10.391362467866323,7.577483870967737,45.57142857142857,42.5,5002.0,5004.0,216000.0,143976.0,164.0,176.0,35.0,36.0,39.072,30.032,46.0,43.0,0.0,0.0,0.0,0.0,0.0,0.0,-45.0,-48.0,0.0,0.0,45.0,42.0
2023-04-28 12:15:00+00:00,3156.2,2599.6702127659573,3930.6833333333334,5014.797872340426,30.0078125,68.17721518987342,-0.05830903790087463,0.44285714285714284,9.853471698113209,7.657404081632654,45.6,43.0,5002.0,5004.0,212143.0,149250.0,164.0,176.0,44.0,33.0,39.072,30.032,46.0,43.0,0.0,0.0,0.0,0.0,0.0,0.0,-31.0,-35.0,0.0,0.0,45.0,43.0
2023-04-28 19:45:00+00:00,3375.9756097560976,1754.5625,10474.844444444445,2927.391304347826,14.558441558441558,0.0,0.36607142857142855,0.325,11.542890510948913,2.029913043478261,47.0,43.666666666666664,5002.0,4000.0,185143.0,22857.0,160.0,0.0,4.0,3.0,39.072,5.504,48.0,44.0,0.0,0.0,0.0,0.0,0.0,0.0,-3.0,-3.0,0.0,0.0,46.0,43.0
2023-05-01 20:30:00+00:00,2977.1674418604653,2719.409691629956,3341.7569444444443,4425.131004366812,52.063291139240505,75.17857142857143,0.03676470588235294,-0.48743718592964824,9.396298507462697,8.828612377850163,36.5,31.0,5002.0,5007.0,30857.0,77143.0,164.0,176.0,28.0,23.0,39.072,29.872,37.0,32.0,0.0,0.0,0.0,0.0,0.0,0.0,-12.0,-47.0,0.0,0.0,36.0,30.0
2023-05-01 21:00:00+00:00,3245.3116147308783,2808.6666666666665,2479.5915492957747,4143.78,41.46376811594203,69.35625,-0.07803468208092486,-0.9090909090909091,9.912404395604398,7.6826995884773615,38.5,34.0,5002.0,5006.0,34286.0,40000.0,164.0,176.0,49.0,42.0,39.072,30.064,39.0,34.0,0.0,0.0,0.0,0.0,0.0,0.0,-48.0,-50.0,0.0,0.0,38.0,34.0
2023-05-01 21:30:00+00:00,3118.7166666666667,2974.1472602739727,3614.951690821256,4260.886861313868,46.52360515021459,69.04225352112677,-0.11956521739130435,0.3532110091743119,8.981751351351342,9.303345646438004,40.0,36.0,5002.0,5004.0,216000.0,180107.0,164.0,176.0,32.0,37.0,39.072,30.032,40.0,36.0,0.0,0.0,0.0,0.0,0.0,0.0,-49.0,-41.0,0.0,0.0,40.0,36.0
2023-05-01 21:45:00+00:00,3198.957746478873,2757.070588235294,2248.842105263158,5741.894117647059,37.55294117647059,64.34969325153374,-0.05687203791469194,0.44360902255639095,9.553985401459862,8.517999999999994,40.5,37.0,5002.0,5013.0,40000.0,278402.0,164.0,176.0,37.0,27.0,39.072,30.016,41.0,37.0,0.0,0.0,0.0,0.0,0.0,0.0,-37.0,-37.0,0.0,0.0,40.0,37.0
2023-05-01 22:30:00+00:00,3185.684039087948,2683.0762331838564,6744.882051282051,3810.0858369098714,36.38723404255319,69.4186046511628,-0.8212121212121212,0.15873015873015872,10.007703703703706,7.829906040268451,42.45454545454545,38.333333333333336,5002.0,5005.0,216000.0,40000.0,164.0,176.0,45.0,45.0,39.072,30.032,43.0,39.0,0.0,0.0,0.0,0.0,0.0,0.0,-50.0,-42.0,0.0,0.0,42.0,38.0
2023-05-01 23:00:00+00:00,3063.764705882353,2939.5220883534134,4827.679012345679,2885.590909090909,38.161572052401745,67.13389121338912,-0.41729323308270677,0.04455445544554455,10.105876010781667,8.6006081871345,42.5,39.0,5002.0,5012.0,166650.0,40000.0,164.0,176.0,33.0,21.0,39.072,30.032,43.0,39.0,0.0,0.0,0.0,0.0,0.0,0.0,-36.0,-49.0,0.0,0.0,42.0,39.0
2023-05-02 20:15:00+00:00,0.0,4.285714285714286,0.0,0.0,0.0,0.0,0.6666666666666666,0.4782608695652174,8.608,5.488,43.0,38.0,0.0,16.0,0.0,0.0,0.0,0.0,1.0,1.0,8.608,5.488,43.0,38.0,0.0,0.0,0.0,0.0,0.0,0.0,0.0,0.0,8.608,5.488,43.0,38.0
2023-05-03 04:15:00+00:00,2018.6666666666667,2772.065934065934,2080.0652173913045,2912.832460732984,60.72,66.21538461538462,-4.6923076923076925,-0.0440251572327044,2.7354285714285713,9.633004830917878,35.0,28.0,3975.0,5005.0,20000.0,54000.0,163.0,176.0,4.0,16.0,10.064,29.792,36.0,28.0,0.0,0.0,0.0,0.0,0.0,0.0,-13.0,-39.0,0.0,0.0,34.0,28.0
2023-05-03 04:45:00+00:00,3185.3617021276596,2883.6604938271603,3531.277777777778,3386.242424242424,42.41975308641975,73.16438356164383,-0.09326424870466321,-0.3333333333333333,9.512529182879364,8.63924170616114,36.5,30.0,5002.0,5007.0,96429.0,89143.0,164.0,176.0,28.0,36.0,39.088,30.096,37.0,30.0,0.0,0.0,0.0,0.0,0.0,0.0,-37.0,-48.0,0.0,0.0,36.0,30.0
2023-05-03 23:15:00+00:00,1391.642857142857,3020.8353658536585,3898.3846153846152,3533.0129032258064,42.96875,71.98013245033113,-3.6440677966101696,0.5454545454545454,2.265263157894737,8.61506103286385,42.5,36.5,4000.0,5012.0,40000.0,40000.0,164.0,176.0,3.0,30.0,8.608,30.064,43.0,37.0,0.0,0.0,0.0,0.0,0.0,0.0,-36.0,-35.0,0.0,0.0,42.0,36.0
2023-05-04 00:45:00+00:00,2976.7073170731705,2941.9488636363635,3710.153846153846,4003.5535714285716,44.557046979865774,70.98089171974522,-0.21608040201005024,1.2583333333333333,9.471999999999996,8.500256880733941,40.5,34.666666666666664,5001.0,5003.0,61714.0,40000.0,164.0,176.0,30.0,48.0,39.104,30.096,41.0,36.0,0.0,0.0,0.0,0.0,0.0,0.0,-33.0,-38.0,0.0,0.0,40.0,34.0
2023-05-04 07:15:00+00:00,3039.2310606060605,2739.8271604938273,5116.585227272727,4463.807692307692,40.43577981651376,73.6047619047619,-0.5405405405405406,1.069364161849711,9.029675840978594,8.131096774193546,42.5,36.333333333333336,5002.0,5013.0,216000.0,61714.0,164.0,176.0,38.0,50.0,39.072,30.048,43.0,37.0,0.0,0.0,0.0,0.0,0.0,0.0,-49.0,-36.0,0.0,0.0,42.0,36.0
2023-05-04 08:00:00+00:00,3081.6146341463414,2768.2102803738317,2807.931818181818,4368.69587628866,41.63291139240506,68.32460732984293,-0.9491525423728814,-0.16176470588235295,9.572401486988843,9.86886037735849,42.5,37.0,5002.0,5007.0,40000.0,64169.0,164.0,176.0,10.0,43.0,39.072,30.032,43.0,37.0,0.0,0.0,0.0,0.0,0.0,0.0,-51.0,-48.0,0.0,0.0,42.0,37.0
2023-05-04 09:30:00+00:00,3162.9256965944273,2773.4520547945203,3470.295238095238,3893.0886075949365,44.549586776859506,65.43303571428571,-0.08841463414634146,-0.4098360655737705,8.973725301204817,7.9158538205980085,42.57142857142857,38.5,5002.0,5004.0,77143.0,40000.0,164.0,176.0,50.0,48.0,39.088,30.032,43.0,39.0,0.0,0.0,0.0,0.0,0.0,0.0,-48.0,-49.0,0.0,0.0,42.0,38.0
2023-05-04 09:45:00+00:00,3129.2633744855966,2787.096590909091,3686.4,4664.3435582822085,47.55474452554745,70.70945945945945,-0.6653846153846154,-0.16428571428571428,10.811268292682927,8.274422018348623,42.4,38.44444444444444,5002.0,5005.0,96429.0,115714.0,164.0,176.0,4.0,49.0,39.088,30.032,43.0,39.0,0.0,0.0,0.0,0.0,0.0,0.0,-13.0,-47.0,0.0,0.0,42.0,38.0
2023-05-04 14:00:00+00:00,3138.302395209581,2790.9377777777777,3442.908163265306,4631.812765957447,31.7380073800738,70.59420289855072,-0.28,-0.17341040462427745,9.968708624708627,8.007869706840387,44.333333333333336,41.0,5002.0,5004.0,119571.0,40000.0,164.0,176.0,27.0,41.0,39.056,30.064,45.0,41.0,0.0,0.0,0.0,0.0,0.0,0.0,-46.0,-40.0,0.0,0.0,44.0,41.0
2023-05-04 17:15:00+00:00,2972.501976284585,2950.3247588424438,5062.054545454545,3592.0596026490066,43.123711340206185,65.85810810810811,-0.2302158273381295,0.11009174311926606,8.98169230769231,8.584228571428566,45.5,42.0,5002.0,5007.0,200571.0,46286.0,164.0,176.0,51.0,49.0,39.088,30.032,46.0,42.0,0.0,0.0,0.0,0.0,0.0,0.0,-13.0,-45.0,0.0,0.0,45.0,42.0
2023-05-04 17:30:00+00:00,3188.7552631578947,2791.107344632768,2959.2329317269077,3599.9310344827586,36.49333333333333,66.45061728395062,0.18732782369146006,-0.6956521739130435,9.769903288201167,7.731662650602407,45.5,41.4,5002.0,5004.0,96429.0,46286.0,164.0,176.0,46.0,43.0,39.088,30.032,46.0,42.0,0.0,0.0,0.0,0.0,0.0,0.0,-47.0,-38.0,0.0,0.0,45.0,41.0
2023-05-04 17:45:00+00:00,2910.023346303502,2884.6375404530745,5775.310160427807,4804.032573289902,45.54347826086956,68.60197368421052,0.1624548736462094,-0.08225108225108226,8.622829268292683,8.775211822660095,45.5,41.5,5001.0,5007.0,216000.0,161309.0,164.0,176.0,48.0,36.0,39.056,30.032,46.0,42.0,0.0,0.0,0.0,0.0,0.0,0.0,-50.0,-42.0,0.0,0.0,45.0,41.0
2023-05-04 18:15:00+00:00,3063.1649122807016,2988.8275862068967,2985.911214953271,4032.1202749140894,43.329268292682926,67.96039603960396,-1.127388535031847,1.3333333333333333,8.8053612565445,9.200704663212434,45.5,42.0,5001.0,5005.0,108000.0,108000.0,164.0,176.0,17.0,48.0,39.088,30.048,46.0,42.0,0.0,0.0,0.0,0.0,0.0,0.0,-48.0,-49.0,0.0,0.0,45.0,42.0
2023-05-04 20:15:00+00:00,3147.6303317535544,3064.7954545454545,3671.2877697841727,3760.6338028169016,39.52694610778443,72.95145631067962,0.31230283911671924,0.0945945945945946,9.501003745318355,9.806888888888894,45.5,40.6,5001.0,5005.0,108000.0,92571.0,164.0,176.0,35.0,41.0,39.056,30.048,46.0,41.0,0.0,0.0,0.0,0.0,0.0,0.0,-44.0,-42.0,0.0,0.0,45.0,40.0
2023-05-05 13:15:00+00:00,3167.2913165266104,2886.7314285714288,2910.689655172414,4717.488372093023,41.496350364963504,69.59731543624162,0.12534818941504178,-1.069767441860465,9.756495867768608,8.349683257918544,40.666666666666664,36.0,5002.0,5004.0,77143.0,40000.0,164.0,176.0,35.0,33.0,39.088,30.048,41.0,36.0,0.0,0.0,0.0,0.0,0.0,0.0,-49.0,-48.0,0.0,0.0,40.0,36.0
2023-05-05 13:30:00+00:00,3051.971544715447,2876.1433447098975,3415.674846625767,5744.141891891892,41.074074074074076,68.4336917562724,-0.47653429602888087,0.7044334975369458,8.984944099378884,8.650279792746112,42.4,37.0,5002.0,5013.0,61714.0,304873.0,164.0,176.0,46.0,35.0,39.072,30.064,43.0,37.0,0.0,0.0,0.0,0.0,0.0,0.0,-49.0,-43.0,0.0,0.0,42.0,37.0
2023-05-05 13:45:00+00:00,3181.3056994818653,2954.9356435643563,3518.995744680851,5491.741463414634,39.58885017421603,63.49197860962567,-0.5106951871657754,0.2602739726027397,9.764499999999996,8.194782608695654,42.5,38.333333333333336,5002.0,5013.0,200571.0,123429.0,164.0,176.0,50.0,42.0,39.072,30.032,43.0,39.0,0.0,0.0,0.0,0.0,0.0,0.0,-47.0,-35.0,0.0,0.0,42.0,38.0
2023-05-05 17:15:00+00:00,3120.644859813084,2843.875968992248,4051.677570093458,4317.5692883895135,43.666666666666664,64.03212851405623,-0.8698224852071006,1.319526627218935,8.956977329974821,8.453748502994014,45.54545454545455,42.5,5002.0,5004.0,146571.0,274303.0,164.0,176.0,42.0,46.0,39.104,30.032,46.0,43.0,0.0,0.0,0.0,0.0,0.0,0.0,-53.0,-11.0,0.0,0.0,45.0,42.0
2023-05-05 17:45:00+00:00,3155.91975308642,2891.2926829268295,2876.957943925234,4450.632575757576,41.27272727272727,65.31380753138075,-0.10703363914373089,-0.8418079096045198,9.787623318385652,8.234848297213619,45.5,42.5,5001.0,5004.0,40000.0,40000.0,164.0,176.0,45.0,40.0,39.072,30.032,46.0,43.0,0.0,0.0,0.0,0.0,0.0,0.0,-42.0,-44.0,0.0,0.0,45.0,42.0
2023-05-05 18:15:00+00:00,3075.4036144578313,2840.748936170213,3202.796296296296,4393.787644787645,41.35632183908046,65.93388429752066,-0.8776119402985074,0.2413793103448276,10.070506666666681,8.252427672955974,45.5,42.5,5001.0,5014.0,109041.0,40000.0,164.0,176.0,51.0,34.0,39.072,30.032,46.0,43.0,0.0,0.0,0.0,0.0,0.0,0.0,-45.0,-48.0,0.0,0.0,45.0,42.0
2023-05-05 19:30:00+00:00,3172.342541436464,2526.054347826087,3568.78672985782,5882.2430939226515,35.38823529411765,68.21383647798743,0.03125,-1.353846153846154,10.102551724137935,7.796658227848102,45.5,42.0,5002.0,5005.0,77143.0,169714.0,164.0,176.0,36.0,3.0,39.072,30.032,46.0,42.0,0.0,0.0,0.0,0.0,0.0,0.0,-22.0,-43.0,0.0,0.0,45.0,42.0
2023-05-05 19:45:00+00:00,2477.029411764706,2994.21768707483,2774.069306930693,3220.112582781457,42.19607843137255,67.63461538461539,-1.0547945205479452,-0.19166666666666668,8.146651933701657,9.23665608465608,45.42857142857143,41.0,4497.0,5004.0,40000.0,40000.0,164.0,176.0,9.0,40.0,25.856,30.032,46.0,41.0,0.0,0.0,0.0,0.0,0.0,0.0,-13.0,-47.0,0.0,0.0,45.0,41.0
